VehicleName	TimeStamp	POS_X	POS_Y	POS_Z	Q_W	Q_X	Q_Y	Q_Z	ImageFile
machine_1	1623752468897	0	0	-0	0.17365	-0	0	0.984807	img_machine_1__0_1623752468894777400.png
machine_1	1623752469930	0	0	-0	0.17365	-0	0	0.984807	img_machine_1__0_1623752469928480300.png
machine_1	1623752470915	0	0	-0	0.17365	-0	0	0.984807	img_machine_1__0_1623752470911780400.png
machine_1	1623752471931	0	0	-0	0.17365	-0	0	0.984807	img_machine_1__0_1623752471928523300.png
machine_1	1623752472947	0	0	-0	0.17365	-0	0	0.984807	img_machine_1__0_1623752472945094500.png
machine_1	1623752473915	0	0	-0	0.17365	-0	0	0.984807	img_machine_1__0_1623752473912975900.png
machine_1	1623752474921	0	0	-0	0.17365	-0	0	0.984807	img_machine_1__0_1623752474918872400.png
machine_1	1623752475937	0	0	-0	0.17365	-0	0	0.984807	img_machine_1__0_1623752475934449600.png
machine_1	1623752476944	0	0	-0	0.17365	-0	0	0.984807	img_machine_1__0_1623752476942105600.png
machine_1	1623752477944	0	0	-0	0.17365	-0	0	0.984807	img_machine_1__0_1623752477941969700.png
machine_1	1623752478923	0	0	-0	0.17365	-0	0	0.984807	img_machine_1__0_1623752478920666700.png
machine_1	1623752479949	0	0	-0	0.17365	-0	0	0.984807	img_machine_1__0_1623752479946522600.png
machine_1	1623752480934	0	0	-0	0.17365	-0	0	0.984807	img_machine_1__0_1623752480931964100.png
machine_1	1623752481913	0	0	-0	0.17365	-0	0	0.984807	img_machine_1__0_1623752481911170800.png
machine_1	1623752482925	0	0	-0	0.17365	-0	0	0.984807	img_machine_1__0_1623752482922651900.png
machine_1	1623752483927	0	0	-0	0.17365	-0	0	0.984807	img_machine_1__0_1623752483924867900.png
machine_1	1623752484932	0	0	-0	0.17365	-0	0	0.984807	img_machine_1__0_1623752484929390100.png
machine_1	1623752485949	0	0	-0	0.17365	-0	0	0.984807	img_machine_1__0_1623752485946822000.png
machine_1	1623752486951	0	0	-0	0.17365	-0	0	0.984807	img_machine_1__0_1623752486949169300.png
machine_1	1623752487922	0	0	-0	0.17365	-0	0	0.984807	img_machine_1__0_1623752487920050800.png
machine_1	1623752488930	0.2995	0.822857	-0	0.17365	-0	0	0.984807	img_machine_1__0_1623752488927514100.png
machine_1	1623752489919	0.588583	1.6171	-0	0.17365	-0	0	0.984807	img_machine_1__0_1623752489917147000.png
machine_1	1623752490921	0.588583	1.6171	-0	0.17365	-0	0	0.984807	img_machine_1__0_1623752490919093200.png
machine_1	1623752491937	0.7309	2.0081	-0	0.17365	-0	0	0.984807	img_machine_1__0_1623752491934346600.png
machine_1	1623752492946	0.7309	2.0081	-0	0.17365	-0	0	0.984807	img_machine_1__0_1623752492943725400.png
machine_1	1623752493906	0.7309	2.0081	-0	0.17365	-0	0	0.984807	img_machine_1__0_1623752493904160300.png
machine_1	1623752494909	0.88984	2.44478	-0	0.17365	-0	0	0.984807	img_machine_1__0_1623752494906718900.png
machine_1	1623752495928	0.88984	2.44478	-0	0.17365	-0	0	0.984807	img_machine_1__0_1623752495924816800.png
machine_1	1623752496940	1.34618	3.69855	-0	0.17365	-0	0	0.984807	img_machine_1__0_1623752496937867000.png
machine_1	1623752497939	1.34618	3.69855	-0	0.17365	-0	0	0.984807	img_machine_1__0_1623752497936895200.png
machine_1	1623752498937	1.48713	4.08579	-0	0.17365	-0	0	0.984807	img_machine_1__0_1623752498934899100.png
machine_1	1623752499939	1.48713	4.08579	-0	0.17365	-0	0	0.984807	img_machine_1__0_1623752499936537000.png
machine_1	1623752500904	1.77855	4.88647	-0	0.17365	-0	0	0.984807	img_machine_1__0_1623752500901270300.png
machine_1	1623752501923	1.77855	4.88647	-0	0.17365	-0	0	0.984807	img_machine_1__0_1623752501921344900.png
machine_1	1623752502940	1.77855	4.88647	-0	0.17365	-0	0	0.984807	img_machine_1__0_1623752502937781900.png
machine_1	1623752503909	1.63232	4.48472	-0	0.17365	-0	0	0.984807	img_machine_1__0_1623752503907286300.png
machine_1	1623752504917	1.63232	4.48472	-0	0.17365	-0	0	0.984807	img_machine_1__0_1623752504914846700.png
machine_1	1623752505911	1.49138	4.09748	-0	0.17365	-0	0	0.984807	img_machine_1__0_1623752505909127500.png
machine_1	1623752506918	1.49138	4.09748	-0	0.17365	-0	0	0.984807	img_machine_1__0_1623752506916319700.png
machine_1	1623752507923	1.17235	3.22097	-0	0.17365	-0	0	0.984807	img_machine_1__0_1623752507920196500.png
machine_1	1623752508938	1.17235	3.22097	-0	0.17365	-0	0	0.984807	img_machine_1__0_1623752508936178800.png
machine_1	1623752509905	0.86474	2.37582	-0	0.17365	-0	0	0.984807	img_machine_1__0_1623752509902906700.png
machine_1	1623752510911	0.86474	2.37582	-0	0.17365	-0	0	0.984807	img_machine_1__0_1623752510909330700.png
machine_1	1623752511921	0.701699	1.92788	-0	0.17365	-0	0	0.984807	img_machine_1__0_1623752511918717500.png
machine_1	1623752512950	0.701699	1.92788	-0	0.17365	-0	0	0.984807	img_machine_1__0_1623752512947265300.png
machine_1	1623752513905	0.142693	0.392042	-0	0.17365	-0	0	0.984807	img_machine_1__0_1623752513902474700.png
machine_1	1623752514940	0.142693	0.392042	-0	0.17365	-0	0	0.984807	img_machine_1__0_1623752514937799800.png
machine_1	1623752515921	-0.00655641	-0.0180127	-0	0.17365	-0	0	0.984807	img_machine_1__0_1623752515918727700.png
machine_1	1623752516916	-0.00655641	-0.0180127	-0	0.17365	-0	0	0.984807	img_machine_1__0_1623752516914007300.png
machine_1	1623752517916	-0.15849	-0.435441	-0	0.17365	-0	0	0.984807	img_machine_1__0_1623752517914008100.png
machine_1	1623752518923	-0.15849	-0.435441	-0	0.17365	-0	0	0.984807	img_machine_1__0_1623752518920951100.png
machine_1	1623752519937	-0.15849	-0.435441	-0	0.17365	-0	0	0.984807	img_machine_1__0_1623752519932871500.png
machine_1	1623752520938	-0.44852	-1.23228	-0	0.17365	-0	0	0.984807	img_machine_1__0_1623752520936101300.png
machine_1	1623752521906	-0.44852	-1.23228	-0	0.17365	-0	0	0.984807	img_machine_1__0_1623752521903436700.png
machine_1	1623752522915	-0.621795	-1.70835	-0	0.17365	-0	0	0.984807	img_machine_1__0_1623752522912164500.png
machine_1	1623752523916	-0.621795	-1.70835	-0	0.17365	-0	0	0.984807	img_machine_1__0_1623752523913983000.png
machine_1	1623752524949	-0.92995	-2.55498	-0	0.17365	-0	0	0.984807	img_machine_1__0_1623752524947039800.png
machine_1	1623752525919	-0.92995	-2.55498	-0	0.17365	-0	0	0.984807	img_machine_1__0_1623752525916522100.png
machine_1	1623752526920	-0.92995	-2.55498	-0	0.17365	-0	0	0.984807	img_machine_1__0_1623752526917498100.png
machine_1	1623752527919	-0.92995	-2.55498	-0	0.17365	-0	0	0.984807	img_machine_1__0_1623752527916620700.png
machine_1	1623752528953	-1.09414	-3.00608	-0	0.17365	-0	0	0.984807	img_machine_1__0_1623752528950354300.png
machine_1	1623752529916	-1.09414	-3.00608	-0	0.17365	-0	0	0.984807	img_machine_1__0_1623752529913784900.png
machine_1	1623752530950	-1.40189	-3.8516	-0	0.17365	-0	0	0.984807	img_machine_1__0_1623752530947879100.png
machine_1	1623752531935	-1.40189	-3.8516	-0	0.17365	-0	0	0.984807	img_machine_1__0_1623752531932630500.png
machine_1	1623752532932	-0.953879	-2.62072	-0	0.17365	-0	0	0.984807	img_machine_1__0_1623752532929621700.png
machine_1	1623752533951	-0.953879	-2.62072	-0	0.17365	-0	0	0.984807	img_machine_1__0_1623752533948259500.png
machine_1	1623752534919	-0.799533	-2.19667	-0	0.17365	-0	0	0.984807	img_machine_1__0_1623752534916784400.png
machine_1	1623752535927	-0.799533	-2.19667	-0	0.17365	-0	0	0.984807	img_machine_1__0_1623752535925230000.png
machine_1	1623752536935	-0.508563	-1.39725	-0	0.17365	-0	0	0.984807	img_machine_1__0_1623752536932710500.png
machine_1	1623752537945	-0.508563	-1.39725	-0	0.17365	-0	0	0.984807	img_machine_1__0_1623752537943162900.png
machine_1	1623752538939	-0.224807	-0.617642	-0	0.17365	-0	0	0.984807	img_machine_1__0_1623752538936772500.png
machine_1	1623752539915	-0.224807	-0.617642	-0	0.17365	-0	0	0.984807	img_machine_1__0_1623752539912848200.png
machine_1	1623752540926	-0.0780366	-0.2144	-0	0.17365	-0	0	0.984807	img_machine_1__0_1623752540923867400.png
machine_1	1623752541948	-0.0780366	-0.2144	-0	0.17365	-0	0	0.984807	img_machine_1__0_1623752541945731100.png
machine_1	1623752542915	1.18013	-0.67234	-0	0.17365	-0	0	0.984807	img_machine_1__0_1623752542912872000.png
machine_1	1623752543937	1.18013	-0.67234	-0	0.17365	-0	0	0.984807	img_machine_1__0_1623752543935086500.png
machine_1	1623752544913	2.44462	-1.13258	-0	0.17365	-0	0	0.984807	img_machine_1__0_1623752544910660700.png
machine_1	1623752545937	2.44462	-1.13258	-0	0.17365	-0	0	0.984807	img_machine_1__0_1623752545934644700.png
machine_1	1623752546941	3.29731	-1.44294	-0	0.17365	-0	0	0.984807	img_machine_1__0_1623752546938146400.png
machine_1	1623752547937	3.29731	-1.44294	-0	0.17365	-0	0	0.984807	img_machine_1__0_1623752547934420900.png
machine_1	1623752548951	2.43785	-1.13012	-0	0.17365	-0	0	0.984807	img_machine_1__0_1623752548948985800.png
machine_1	1623752549938	1.99771	-0.969921	-0	0.17365	-0	0	0.984807	img_machine_1__0_1623752549935990300.png
machine_1	1623752550938	1.99771	-0.969921	-0	0.17365	-0	0	0.984807	img_machine_1__0_1623752550936276700.png
machine_1	1623752551920	1.16075	-0.665289	-0	0.17365	-0	0	0.984807	img_machine_1__0_1623752551918299200.png
machine_1	1623752552918	0.732221	-0.509314	-0	0.17365	-0	0	0.984807	img_machine_1__0_1623752552915524300.png
machine_1	1623752553925	0.732221	-0.509314	-0	0.17365	-0	0	0.984807	img_machine_1__0_1623752553922415400.png
machine_1	1623752554913	-0.0863791	-0.211364	-0	0.17365	-0	0	0.984807	img_machine_1__0_1623752554910597000.png
machine_1	1623752555937	-1.33953	0.244751	-0	0.17365	-0	0	0.984807	img_machine_1__0_1623752555934009500.png
machine_1	1623752556942	-1.76746	0.400508	-0	0.17365	-0	0	0.984807	img_machine_1__0_1623752556940089500.png
machine_1	1623752557910	-2.15814	0.542706	-0	0.17365	-0	0	0.984807	img_machine_1__0_1623752557908202000.png
machine_1	1623752558918	-2.58627	0.698533	-0	0.17365	-0	0	0.984807	img_machine_1__0_1623752558915256800.png
machine_1	1623752559912	-2.19317	0.555455	-0	0.17365	-0	0	0.984807	img_machine_1__0_1623752559909618400.png
machine_1	1623752560917	-2.19317	0.555455	-0	0.17365	-0	0	0.984807	img_machine_1__0_1623752560914595000.png
machine_1	1623752561932	-1.38182	0.260146	-0	0.17365	-0	0	0.984807	img_machine_1__0_1623752561929882200.png
machine_1	1623752562944	-1.38182	0.260146	-0	0.17365	-0	0	0.984807	img_machine_1__0_1623752562941456300.png
machine_1	1623752563946	-0.562673	-0.0380048	-0	0.17365	-0	0	0.984807	img_machine_1__0_1623752563943125600.png
machine_1	1623752564921	0.221018	-0.323249	-0	0.17365	-0	0	0.984807	img_machine_1__0_1623752564918651400.png
machine_1	1623752565932	0.221018	-0.323249	-0	0.17365	-0	0	0.984807	img_machine_1__0_1623752565930245300.png
machine_1	1623752566933	0.221018	-0.323249	-0	0.17365	-0	0	0.984807	img_machine_1__0_1623752566930591000.png
machine_1	1623752567952	0.221018	-0.323249	-0	0.173591	-0.00454563	-0.0257793	0.98447	img_machine_1__0_1623752567949532400.png
machine_1	1623752568927	0.221018	-0.323249	-0	0.173591	-0.00454563	-0.0257793	0.98447	img_machine_1__0_1623752568924391200.png
machine_1	1623752569951	0.221018	-0.323249	-0	0.173327	-0.0106011	-0.0601211	0.98297	img_machine_1__0_1623752569948554300.png
machine_1	1623752570923	0.221018	-0.323249	-0	0.173228	-0.0121133	-0.0686968	0.982408	img_machine_1__0_1623752570921103100.png
machine_1	1623752571919	0.221018	-0.323249	-0	0.172534	-0.0196581	-0.111485	0.978477	img_machine_1__0_1623752571916873800.png
machine_1	1623752572949	0.221018	-0.323249	-0	0.173327	-0.0106016	-0.060124	0.98297	img_machine_1__0_1623752572947307200.png
machine_1	1623752573925	0.221018	-0.323249	-0	0.173624	0.00303012	0.0171844	0.984657	img_machine_1__0_1623752573922957500.png
machine_1	1623752574958	0.221018	-0.323249	-0	0.171961	0.0241675	0.137058	0.975223	img_machine_1__0_1623752574955414300.png
machine_1	1623752575920	0.221018	-0.323249	-0	0.171269	0.0286607	0.16254	0.971301	img_machine_1__0_1623752575917740800.png
machine_1	1623752576931	0.221018	-0.323249	-0	0.169856	0.0361039	0.204752	0.963287	img_machine_1__0_1623752576928908900.png
machine_1	1623752577961	0.221018	-0.323249	-0	0.171513	0.0271647	0.154056	0.972683	img_machine_1__0_1623752577958943600.png
machine_1	1623752578919	0.221018	-0.323249	-0	0.173228	0.0121135	0.0686979	0.982408	img_machine_1__0_1623752578916492100.png
machine_1	1623752579944	0.221018	-0.323249	-0	0.173591	-0.00454537	-0.0257777	0.98447	img_machine_1__0_1623752579941782800.png
machine_1	1623752580925	0.221018	-0.323249	-0	0.17299	-0.0151345	-0.0858307	0.98106	img_machine_1__0_1623752580923164100.png
machine_1	1623752581954	0.221018	-0.323249	-0	0.171513	-0.0271652	-0.154059	0.972683	img_machine_1__0_1623752581951241600.png
machine_1	1623752582945	0.221018	-0.323249	-0	0.172356	-0.0211631	-0.12002	0.977466	img_machine_1__0_1623752582942820600.png
machine_1	1623752583926	0.221018	-0.323249	-0	0.173413	-0.00908883	-0.0515445	0.983457	img_machine_1__0_1623752583923896100.png
machine_1	1623752584927	0.221018	-0.323249	-0	0.173545	0.00605968	0.0343657	0.984208	img_machine_1__0_1623752584924517600.png
machine_1	1623752585942	0.221018	-0.323249	-0	0.172851	0.0166433	0.0943871	0.980274	img_machine_1__0_1623752585939709400.png
machine_1	1623752586927	0.221018	-0.323249	-0	0.171513	0.0271649	0.154057	0.972683	img_machine_1__0_1623752586924892400.png
machine_1	1623752587943	0.221018	-0.323249	-0	0.170743	0.0316451	0.179465	0.968317	img_machine_1__0_1623752587940483200.png
machine_1	1623752588935	0.221018	-0.323249	-0	0.172534	0.0196579	0.111484	0.978477	img_machine_1__0_1623752588931882000.png
machine_1	1623752589917	0.221018	-0.323249	-0	0.173413	0.00908846	0.0515424	0.983458	img_machine_1__0_1623752589914782400.png
machine_1	1623752590939	0.221018	-0.323249	-0	0.173651	2.92831e-07	1.6607e-06	0.984807	img_machine_1__0_1623752590936513600.png
machine_1	1623752591938	0.221018	-0.323249	-0	0.173115	-0.0288045	-0.0126349	0.984399	img_machine_1__0_1623752591935285100.png
machine_1	1623752592947	0.221018	-0.323249	-0	0.172709	-0.0459775	-0.00959596	0.983852	img_machine_1__0_1623752592945141100.png
machine_1	1623752593914	0.221018	-0.323249	-0	0.171466	-0.0888372	-0.00198796	0.981175	img_machine_1__0_1623752593911423100.png
machine_1	1623752594946	0.221018	-0.323249	-0	0.171178	-0.0973915	-0.000465436	0.980415	img_machine_1__0_1623752594944199600.png
machine_1	1623752595950	0.221018	-0.323249	-0	0.172709	-0.0459774	-0.00959598	0.983852	img_machine_1__0_1623752595948149100.png
machine_1	1623752596934	0.221018	-0.323249	-0	0.173624	-0.00303005	-0.0171857	0.984657	img_machine_1__0_1623752596931305200.png
machine_1	1623752597947	0.221018	-0.323249	-0	0.174286	0.0485071	-0.026249	0.983149	img_machine_1__0_1623752597945094300.png
machine_1	1623752598948	0.221018	-0.323249	-0	0.174461	0.0828	-0.0322527	0.980646	img_machine_1__0_1623752598945203900.png
machine_1	1623752599929	0.221018	-0.323249	-0	0.174382	0.125519	-0.0397012	0.975838	img_machine_1__0_1623752599926727400.png
machine_1	1623752600924	0.221018	-0.323249	-0	0.173849	0.17646	-0.0485384	0.967617	img_machine_1__0_1623752600921236000.png
machine_1	1623752601931	0.221018	-0.323249	-0	0.172839	0.226917	-0.0572426	0.956744	img_machine_1__0_1623752601928609900.png
machine_1	1623752602951	0.221018	-0.323249	-0	0.173403	0.201758	-0.0529087	0.96251	img_machine_1__0_1623752602948449700.png
machine_1	1623752603948	0.221018	-0.323249	-0	0.174382	0.125519	-0.0397012	0.975838	img_machine_1__0_1623752603945783500.png
machine_1	1623752604923	0.221018	-0.323249	-0	0.174472	0.0913588	-0.0337477	0.979834	img_machine_1__0_1623752604920651800.png
machine_1	1623752605910	0.221018	-0.323249	-0	0.174118	0.0313355	-0.0232346	0.983952	img_machine_1__0_1623752605907817100.png
machine_1	1623752606916	0.221018	-0.323249	-0	0.173298	-0.0202145	-0.0141529	0.98456	img_machine_1__0_1623752606913400000.png
machine_1	1623752607917	0.221018	-0.323249	-0	0.190454	-0.0204584	-0.013798	0.981386	img_machine_1__0_1623752607914965100.png
machine_1	1623752608971	0.221018	-0.323249	-0	0.199011	-0.020578	-0.0136189	0.979687	img_machine_1__0_1623752608968948500.png
machine_1	1623752609921	0.221018	-0.323249	-0	0.233079	-0.0210408	-0.0128925	0.972145	img_machine_1__0_1623752609919094400.png
machine_1	1623752610936	0.221018	-0.323249	-0	0.258447	-0.0213711	-0.0123373	0.96571	img_machine_1__0_1623752610934066900.png
machine_1	1623752611945	0.221018	-0.323249	-0	0.291994	-0.0217886	-0.0115839	0.956102	img_machine_1__0_1623752611942481900.png
machine_1	1623752612957	0.221018	-0.323249	-0	0.33342	-0.0222731	-0.0106225	0.942456	img_machine_1__0_1623752612954312800.png
machine_1	1623752613945	0.221018	-0.323249	-0	0.366109	-0.0226303	-0.00983867	0.930245	img_machine_1__0_1623752613942800600.png
machine_1	1623752614920	0.221018	-0.323249	-0	0.414292	-0.0231142	-0.00864081	0.909809	img_machine_1__0_1623752614918001700.png
machine_1	1623752615905	0.221018	-0.323249	-0	0.374213	-0.0227153	-0.00964079	0.927014	img_machine_1__0_1623752615903060500.png
machine_1	1623752616939	0.221018	-0.323249	-0	0.316922	-0.0220844	-0.0110095	0.94813	img_machine_1__0_1623752616936897300.png
machine_1	1623752617941	0.221018	-0.323249	-0	0.275265	-0.0215832	-0.0119623	0.961051	img_machine_1__0_1623752617939347400.png
machine_1	1623752618934	0.221018	-0.323249	-0	0.224591	-0.0209275	-0.0130755	0.974141	img_machine_1__0_1623752618932055000.png
machine_1	1623752619954	0.221018	-0.323249	-0	0.181885	-0.0203372	-0.0139759	0.98301	img_machine_1__0_1623752619951302000.png
machine_1	1623752620952	0.221018	-0.323249	-0	0.130191	-0.019578	-0.0150211	0.991182	img_machine_1__0_1623752620950358400.png
machine_1	1623752621938	0.221018	-0.323249	-0	0.0955216	-0.0190418	-0.0156952	0.995122	img_machine_1__0_1623752621936034100.png
machine_1	1623752622931	0.221018	-0.323249	-0	0.0345944	-0.0180482	-0.0168284	0.999097	img_machine_1__0_1623752622928472800.png
machine_1	1623752623942	0.221018	-0.323249	-0	0.00901806	0.017297	0.0175996	-0.999655	img_machine_1__0_1623752623939342300.png
machine_1	1623752624915	0.221018	-0.323249	-0	0.0613244	0.0163522	0.0184807	-0.997813	img_machine_1__0_1623752624911990400.png
machine_1	1623752625926	0.221018	-0.323249	-0	0.14806	0.0146792	0.0198356	-0.98867	img_machine_1__0_1623752625923990900.png
machine_1	1623752626941	0.221018	-0.323249	-0	0.17389	0.0141549	0.0202131	-0.984456	img_machine_1__0_1623752626938646000.png
machine_1	1623752627934	0.221018	-0.323249	-0	0.139428	0.0148517	0.0197068	-0.989925	img_machine_1__0_1623752627931766000.png
machine_1	1623752628951	0.221018	-0.323249	-0	0.0874311	0.0158626	0.0189026	-0.995865	img_machine_1__0_1623752628948525100.png
machine_1	1623752629927	0.221018	-0.323249	-0	0.0439099	0.016672	0.0181927	-0.998731	img_machine_1__0_1623752629924796400.png
machine_1	1623752630948	0.221018	-0.323249	-0	-0.0003042	-0.0174497	-0.0174481	0.999695	img_machine_1__0_1623752630945281000.png
machine_1	1623752631942	0.221018	-0.323249	-0	0.0520163	-0.018339	-0.016511	0.998341	img_machine_1__0_1623752631939699100.png
machine_1	1623752632933	0.221018	-0.323249	-0	0.0955152	-0.0190417	-0.0156953	0.995122	img_machine_1__0_1623752632930626200.png
machine_1	1623752633925	0.221018	-0.323249	-0	0.130188	-0.0195779	-0.0150212	0.991182	img_machine_1__0_1623752633922954900.png
machine_1	1623752634932	0.221018	-0.323249	-0	0.164701	-0.0200902	-0.0143287	0.986035	img_machine_1__0_1623752634929973000.png
machine_1	1623752635943	0.221018	-0.323249	-0	0.16487	-0.0186522	-0.00572352	0.986122	img_machine_1__0_1623752635940995700.png
machine_1	1623752636911	0.221018	-0.323249	-0	0.16487	-0.0186522	-0.00572352	0.986122	img_machine_1__0_1623752636908775400.png
machine_1	1623752637918	0.221018	-0.323249	-0	0.16487	-0.0186522	-0.00572352	0.986122	img_machine_1__0_1623752637915647200.png
machine_1	1623752638921	0.501633	0.493306	0.0150592	0.16487	-0.0186522	-0.00572352	0.986122	img_machine_1__0_1623752638918472200.png
machine_1	1623752639937	-0.362344	2.17601	-0.00972766	0.16487	-0.0186522	-0.00572352	0.986122	img_machine_1__0_1623752639930985500.png
machine_1	1623752640930	-2.96063	3.0707	-0.10569	0.16487	-0.0186522	-0.00572352	0.986122	img_machine_1__0_1623752640928634500.png
machine_1	1623752641946	-5.89176	4.08	-0.213945	0.16487	-0.0186522	-0.00572352	0.986122	img_machine_1__0_1623752641944259800.png
machine_1	1623752642912	-7.97064	4.79583	-0.290724	0.16487	-0.0186522	-0.00572352	0.986122	img_machine_1__0_1623752642909639800.png
machine_1	1623752643912	-10.9314	5.81534	-0.400074	0.16487	-0.0186522	-0.00572352	0.986122	img_machine_1__0_1623752643910064100.png
machine_1	1623752644921	-13.3732	6.65616	-0.490259	0.16487	-0.0186522	-0.00572352	0.986122	img_machine_1__0_1623752644918940400.png
machine_1	1623752645943	-15.5015	7.38899	-0.600585	0.164645	-0.0358586	-0.00284003	0.985697	img_machine_1__0_1623752645940102000.png
machine_1	1623752646898	-17.5637	8.09908	-0.783321	0.164369	-0.0530539	4.42844e-05	0.984971	img_machine_1__0_1623752646895757900.png
machine_1	1623752647928	-19.5767	8.79223	-1.00708	0.164369	-0.0530539	4.42844e-05	0.984971	img_machine_1__0_1623752647926273700.png
machine_1	1623752648897	-22.7452	9.88327	-1.45542	0.164044	-0.0702332	0.00292863	0.983945	img_machine_1__0_1623752648895131500.png
machine_1	1623752649923	-27.2021	11.418	-2.11789	0.164044	-0.0702332	0.00292863	0.983945	img_machine_1__0_1623752649921013400.png
machine_1	1623752650917	-30.7818	12.6506	-2.64997	0.164044	-0.0702332	0.00292863	0.983945	img_machine_1__0_1623752650915237100.png
machine_1	1623752651897	-32.7765	13.3701	-2.94802	0.181191	-0.0701714	0.00415392	0.980932	img_machine_1__0_1623752651894154100.png
machine_1	1623752652936	-36.4454	14.7785	-3.47606	0.18137	-0.0616105	0.00256214	0.98148	img_machine_1__0_1623752652933983200.png
machine_1	1623752653921	-40.0036	16.1444	-3.94402	0.18137	-0.0616105	0.00256214	0.98148	img_machine_1__0_1623752653918780100.png
machine_1	1623752654904	-42.7116	17.184	-4.30019	0.18137	-0.0616105	0.00256214	0.98148	img_machine_1__0_1623752654900950200.png
machine_1	1623752655924	-46.0042	18.8946	-4.75685	0.307928	-0.060749	0.0105821	0.949409	img_machine_1__0_1623752655921670000.png
machine_1	1623752656926	-48.9526	21.0368	-5.20433	0.307928	-0.060749	0.0105821	0.949409	img_machine_1__0_1623752656924056700.png
machine_1	1623752657904	-50.5816	22.2203	-5.45155	0.274608	-0.0610813	0.00845561	0.959577	img_machine_1__0_1623752657901545500.png
machine_1	1623752658917	-54.3372	24.3348	-5.98083	0.215515	-0.0614835	0.00471094	0.974552	img_machine_1__0_1623752658915276100.png
machine_1	1623752659929	-57.0701	25.6092	-6.35108	0.215515	-0.0614835	0.00471094	0.974552	img_machine_1__0_1623752659926573300.png
machine_1	1623752660923	-61.3626	27.611	-6.82977	0.216009	-0.0359576	-0.000959491	0.975729	img_machine_1__0_1623752660921119400.png
machine_1	1623752661913	-63.7254	28.7039	-6.92094	0.199284	-0.0102898	-0.00680981	0.979864	img_machine_1__0_1623752661911131000.png
machine_1	1623752662938	-67.7463	30.3125	-6.99653	0.173565	-0.010108	-0.00707684	0.984745	img_machine_1__0_1623752662936120900.png
machine_1	1623752663905	-71.8222	31.7213	-7.07181	0.156353	-0.00998294	-0.00725216	0.987624	img_machine_1__0_1623752663902565900.png
machine_1	1623752664913	-74.2433	32.4231	-7.11581	0.139093	-0.00985486	-0.00742528	0.990202	img_machine_1__0_1623752664910345400.png
machine_1	1623752665925	-78.5938	33.7772	-7.19534	0.139094	-0.00985486	-0.00742527	0.990202	img_machine_1__0_1623752665922662900.png
machine_1	1623752666892	-81.2773	34.5468	-7.24407	0.182154	-0.0101694	-0.00698833	0.983193	img_machine_1__0_1623752666889819200.png
machine_1	1623752667900	-85.4236	36.1384	-7.32158	0.182154	-0.0101694	-0.00698833	0.983193	img_machine_1__0_1623752667897933700.png
machine_1	1623752668904	-88.8018	37.4353	-7.38474	0.182154	-0.0101694	-0.00698833	0.983193	img_machine_1__0_1623752668901322000.png
machine_1	1623752669920	-91.74	38.5632	-7.43967	0.182154	-0.0101694	-0.00698833	0.983193	img_machine_1__0_1623752669917618300.png
machine_1	1623752670909	-94.355	39.5671	-7.48856	0.182154	-0.0101694	-0.00698833	0.983193	img_machine_1__0_1623752670906803800.png
machine_1	1623752671921	-97.9727	40.9558	-7.5562	0.182154	-0.0101694	-0.00698833	0.983193	img_machine_1__0_1623752671918904500.png
machine_1	1623752672921	-100.958	42.102	-7.61202	0.182154	-0.0101694	-0.00698833	0.983193	img_machine_1__0_1623752672918967800.png
machine_1	1623752673926	-104.371	43.4122	-7.67582	0.182154	-0.0101694	-0.00698833	0.983193	img_machine_1__0_1623752673923940500.png
machine_1	1623752674904	-107.339	44.5512	-7.7313	0.182154	-0.0101694	-0.00698833	0.983193	img_machine_1__0_1623752674901556100.png
machine_1	1623752675934	-110.928	45.543	-7.79636	0.112944	-0.0269943	-0.00570246	0.993218	img_machine_1__0_1623752675931872800.png
machine_1	1623752676932	-113.328	45.9879	-8.18292	0.0862161	-0.0789147	-0.001826	0.993144	img_machine_1__0_1623752676929581300.png
machine_1	1623752677902	-116.599	46.5647	-8.70899	0.0862161	-0.0789147	-0.001826	0.993144	img_machine_1__0_1623752677899919300.png
machine_1	1623752678926	-119.44	47.0658	-9.1659	0.0862161	-0.0789147	-0.001826	0.993144	img_machine_1__0_1623752678924848300.png
machine_1	1623752679899	-122.159	47.5454	-9.56743	0.0867051	-0.0442106	-0.00488135	0.995241	img_machine_1__0_1623752679897405900.png
machine_1	1623752680939	-124.586	47.9733	-9.63817	0.0870887	-0.00945258	-0.0079308	0.996124	img_machine_1__0_1623752680936725900.png
machine_1	1623752681930	-128.288	48.8855	-9.70482	0.156366	-0.0099828	-0.00725207	0.987622	img_machine_1__0_1623752681928453300.png
machine_1	1623752682943	-130.556	49.9674	-9.7487	0.233371	-0.010521	-0.00644649	0.97231	img_machine_1__0_1623752682940542700.png
machine_1	1623752683951	-133.197	51.3129	-9.80043	0.233371	-0.010521	-0.00644649	0.97231	img_machine_1__0_1623752683948134400.png
machine_1	1623752684934	-135.698	52.5875	-9.84943	0.233371	-0.010521	-0.00644649	0.97231	img_machine_1__0_1623752684931363100.png
machine_1	1623752685906	-138.518	54.0171	-9.9046	0.199295	-0.0102896	-0.00680974	0.979862	img_machine_1__0_1623752685903816500.png
machine_1	1623752686894	-140.974	55.0094	-9.95083	0.164976	-0.0100457	-0.0071647	0.98622	img_machine_1__0_1623752686891890200.png
machine_1	1623752687927	-144.428	56.1988	-10.0146	0.164976	-0.0100457	-0.0071647	0.98622	img_machine_1__0_1623752687924445700.png
machine_1	1623752688894	-146.234	56.821	-10.0479	0.164976	-0.0100457	-0.0071647	0.98622	img_machine_1__0_1623752688891810000.png
machine_1	1623752689903	-149.631	57.9656	-10.1105	0.130459	-0.00978954	-0.00751091	0.991377	img_machine_1__0_1623752689900947400.png
machine_1	1623752690908	-153.71	58.8675	-10.1835	0.0783977	-0.00938305	-0.00801294	0.996846	img_machine_1__0_1623752690905491000.png
machine_1	1623752691923	-157.403	59.4527	-10.2487	0.0522769	-0.00917009	-0.00825581	0.998556	img_machine_1__0_1623752691920705200.png
machine_1	1623752692925	-160.827	59.8127	-10.3088	0.0522769	-0.00917009	-0.00825581	0.998556	img_machine_1__0_1623752692922931300.png
machine_1	1623752693898	-164.289	60.1767	-10.3696	0.0522769	-0.00917009	-0.00825581	0.998556	img_machine_1__0_1623752693895920400.png
machine_1	1623752694887	-167.736	60.5391	-10.4301	0.0522769	-0.00917009	-0.00825581	0.998556	img_machine_1__0_1623752694885204300.png
machine_1	1623752695912	-171.941	61.1731	-10.5046	0.173585	-0.0101079	-0.00707668	0.984742	img_machine_1__0_1623752695909733200.png
machine_1	1623752696894	-174.499	62.7201	-10.557	0.398674	-0.0114806	-0.00452148	0.91701	img_machine_1__0_1623752696892074100.png
machine_1	1623752697916	-176.172	65.1308	-10.6085	0.594742	-0.0122035	-0.00182295	0.803822	img_machine_1__0_1623752697913576600.png
machine_1	1623752698932	-176.459	69.5702	-10.6868	0.754624	-0.0123088	0.000861588	0.656042	img_machine_1__0_1623752698929033900.png
machine_1	1623752699928	-175.448	72.3669	-10.7391	0.874534	-0.0118607	0.00340196	0.484807	img_machine_1__0_1623752699925586100.png
machine_1	1623752700916	-173.368	74.4796	-10.7913	0.956221	-0.0108942	0.00579361	0.292384	img_machine_1__0_1623752700913620800.png
machine_1	1623752701955	-170.945	75.476	-10.8372	0.994442	-0.00958854	0.00776587	0.104557	img_machine_1__0_1623752701953177300.png
machine_1	1623752702920	-167.729	75.4811	-10.8938	0.998555	-0.00825565	0.00917023	-0.0522945	img_machine_1__0_1623752702917241100.png
machine_1	1623752703957	-162.775	74.9097	-10.9808	0.9935	-0.00768041	0.00965713	-0.113159	img_machine_1__0_1623752703954307600.png
machine_1	1623752704941	-161.378	74.4822	-11.0063	0.956243	-0.00579193	0.0108951	-0.292314	img_machine_1__0_1623752704938028800.png
machine_1	1623752705938	-161.378	74.4822	-11.0063	0.878769	-0.00350356	0.0118311	-0.477088	img_machine_1__0_1623752705935681600.png
machine_1	1623752706904	-161.378	74.4822	-11.0063	0.771593	-0.00118176	0.0122822	-0.635997	img_machine_1__0_1623752706901421100.png
machine_1	1623752707905	-161.378	74.4822	-11.0063	0.61565	0.00150459	0.0122468	-0.787923	img_machine_1__0_1623752707902230000.png
machine_1	1623752708897	-161.948	73.4535	-11.0269	0.430522	0.00411958	0.0116309	-0.902496	img_machine_1__0_1623752708895282300.png
machine_1	1623752709906	-160.426	74.559	-11.2208	0.306053	-0.110339	-0.0267331	-0.945221	img_machine_1__0_1623752709903929400.png
machine_1	1623752710931	-158.594	75.8903	-11.5972	0.308979	-0.00269695	0.00829765	-0.951029	img_machine_1__0_1623752710928402600.png
machine_1	1623752711935	-157.682	76.5527	-11.5972	0.308979	-0.00269695	0.00829765	-0.951029	img_machine_1__0_1623752711933253700.png
machine_1	1623752712909	-156.773	75.3016	-11.6242	0.308979	-0.00269695	0.00829765	-0.951029	img_machine_1__0_1623752712906103600.png
machine_1	1623752713919	-154.987	72.8425	-11.6772	0.275602	-0.00240574	0.00838671	-0.961232	img_machine_1__0_1623752713916965900.png
machine_1	1623752714900	-153.759	70.7599	-11.7194	0.241889	-0.00211159	0.00846556	-0.970265	img_machine_1__0_1623752714897787600.png
machine_1	1623752715905	-150.704	72.3842	-11.7194	0.241889	-0.00211159	0.00846556	-0.970265	img_machine_1__0_1623752715902898600.png
machine_1	1623752716919	-147.622	74.0227	-11.7194	0.241889	-0.00211159	0.00846556	-0.970265	img_machine_1__0_1623752716916958500.png
machine_1	1623752717913	-146.461	78.022	-11.6687	0.267205	-0.00233247	0.00840738	-0.9636	img_machine_1__0_1623752717910192400.png
machine_1	1623752718932	-143.963	80.1158	-11.6614	0.300673	-0.00262448	0.00832085	-0.953687	img_machine_1__0_1623752718929403700.png
machine_1	1623752719903	-141.865	82.0573	-11.6546	0.300673	-0.00262448	0.00832085	-0.953687	img_machine_1__0_1623752719900767100.png
machine_1	1623752720931	-140.774	82.7659	-11.6546	0.0958242	-0.000837159	0.00868468	-0.99536	img_machine_1__0_1623752720928962600.png
machine_1	1623752721937	-140.774	82.7659	-11.6546	0.0697708	-0.000607699	-0.00870375	0.997525	img_machine_1__0_1623752721934950500.png
machine_1	1623752722922	-140.774	82.7659	-11.6546	0.267248	-0.00233077	-0.00840785	0.963588	img_machine_1__0_1623752722920004200.png
machine_1	1623752723901	-140.774	82.7659	-11.6546	0.461752	-0.00402796	-0.00773951	0.886966	img_machine_1__0_1623752723897730900.png
machine_1	1623752724912	-140.774	82.7659	-11.6546	0.642782	-0.00560763	-0.00668424	0.765999	img_machine_1__0_1623752724909916500.png
machine_1	1623752725933	-140.774	82.7659	-11.6546	0.793341	-0.00692146	-0.00531206	0.608716	img_machine_1__0_1623752725930673100.png
machine_1	1623752726905	-140.774	82.7659	-11.6546	0.898773	-0.00784156	-0.00382549	0.438328	img_machine_1__0_1623752726903033600.png
machine_1	1623752727912	-140.774	82.7659	-11.6546	0.970266	-0.00846557	-0.00211154	0.241884	img_machine_1__0_1623752727910110900.png
machine_1	1623752728917	-140.774	82.7659	-11.6546	0.998099	-0.00870861	-0.000533457	0.0610166	img_machine_1__0_1623752728914852400.png
machine_1	1623752729920	-140.774	82.7659	-11.6546	0.990226	-0.00864014	0.00121349	-0.139199	img_machine_1__0_1623752729917481400.png
machine_1	1623752730922	-140.774	82.7659	-11.6546	0.948278	-0.00827432	0.0027677	-0.317322	img_machine_1__0_1623752730919803500.png
machine_1	1623752731911	-140.774	82.7659	-11.6546	0.861582	-0.00751808	0.00442753	-0.507543	img_machine_1__0_1623752731909178100.png
machine_1	1623752732907	-140.774	82.7659	-11.6546	0.7431	-0.00648446	0.00583749	-0.669124	img_machine_1__0_1623752732904803500.png
machine_1	1623752733930	-141.222	80.6582	-11.6546	0.629278	-0.00549146	0.00678	-0.777131	img_machine_1__0_1623752733927723100.png
machine_1	1623752734926	-142.711	73.6553	-11.6546	0.629278	-0.00549146	0.00678	-0.777131	img_machine_1__0_1623752734923783300.png
machine_1	1623752735896	-143.63	69.3333	-11.6546	0.551897	-0.00481634	0.00727512	-0.833867	img_machine_1__0_1623752735893608800.png
machine_1	1623752736923	-143.63	69.3333	-11.6546	0.390699	-0.00340994	0.00803099	-0.920477	img_machine_1__0_1623752736921080000.png
machine_1	1623752737904	-143.63	69.3333	-11.6546	0.573543	-0.0050052	0.0071465	-0.819129	img_machine_1__0_1623752737901323200.png
machine_1	1623752738917	-143.63	69.3333	-11.6546	0.73724	-0.00643334	0.00589378	-0.675574	img_machine_1__0_1623752738915185500.png
machine_1	1623752739922	-143.63	69.3333	-11.6546	0.861592	-0.00751816	0.00442738	-0.507527	img_machine_1__0_1623752739919545000.png
machine_1	1623752740909	-141.86	67.6768	-11.6546	0.948286	-0.00827439	0.00276749	-0.317298	img_machine_1__0_1623752740907123300.png
machine_1	1623752741904	-138.419	65.2407	-11.6546	0.961223	-0.00838723	0.00240394	-0.275633	img_machine_1__0_1623752741901423800.png
machine_1	1623752742933	-133.473	62.2725	-11.6546	0.970257	-0.00846601	0.00210977	-0.241919	img_machine_1__0_1623752742931211000.png
machine_1	1623752743924	-130.705	60.9049	-11.6545	0.976258	-0.00851834	0.00188742	-0.216437	img_machine_1__0_1623752743921760200.png
machine_1	1623752744911	-124.987	58.2387	-11.6545	0.976258	-0.00851834	0.00188742	-0.216437	img_machine_1__0_1623752744909277500.png
machine_1	1623752745946	-117.768	54.872	-11.6545	0.976258	-0.00851834	0.00188742	-0.216437	img_machine_1__0_1623752745943359200.png
machine_1	1623752746945	-113.31	53.0196	-11.6545	0.983217	-0.00857903	0.00158898	-0.182233	img_machine_1__0_1623752746943349600.png
machine_1	1623752747935	-110.227	51.864	-11.6545	0.98765	-0.00861768	0.00136386	-0.156433	img_machine_1__0_1623752747932378900.png
machine_1	1623752748912	-106.7	50.7179	-11.5061	0.989858	-0.0122803	-0.0247083	-0.139351	img_machine_1__0_1623752748909451900.png
machine_1	1623752749915	-102.938	49.9059	-11.3042	0.997199	-0.0114404	-0.0518072	-0.0527255	img_machine_1__0_1623752749912201000.png
machine_1	1623752750958	-99.5772	49.6118	-10.7698	0.9959	-0.0121126	-0.078003	-0.0441743	img_machine_1__0_1623752750956200000.png
machine_1	1623752751932	-96.2111	49.3173	-10.2346	0.994403	-0.0141503	-0.0776592	-0.0702289	img_machine_1__0_1623752751929895500.png
machine_1	1623752752921	-92.881	48.7567	-9.69963	0.989364	-0.0181954	-0.0768121	-0.122177	img_machine_1__0_1623752752918326800.png
machine_1	1623752753920	-89.206	47.5651	-9.14155	0.982561	-0.0149338	-0.0327257	-0.182426	img_machine_1__0_1623752753917387100.png
machine_1	1623752754919	-85.303	45.9319	-9.06762	0.972277	-0.0105209	-0.00644931	-0.233507	img_machine_1__0_1623752754916726800.png
machine_1	1623752755916	-82.3426	44.3481	-9.00898	0.963535	-0.0107396	-0.00607821	-0.267297	img_machine_1__0_1623752755913963100.png
machine_1	1623752756915	-80.3491	43.1503	-8.96838	0.958723	-0.010844	-0.00588985	-0.284073	img_machine_1__0_1623752756913035400.png
machine_1	1623752757910	-77.5247	41.0166	-8.90654	0.936573	-0.0112285	-0.00511908	-0.350256	img_machine_1__0_1623752757907439100.png
machine_1	1623752758952	-75.5491	39.2991	-8.86084	0.936573	-0.0112285	-0.00511908	-0.350256	img_machine_1__0_1623752758949801100.png
machine_1	1623752759912	-69.6641	34.1833	-8.72471	0.936573	-0.0112285	-0.00511908	-0.350256	img_machine_1__0_1623752759910233900.png
machine_1	1623752760932	-66.3719	31.5086	-8.65064	0.953621	-0.0109451	-0.00569973	-0.300758	img_machine_1__0_1623752760929513100.png
machine_1	1623752761922	-64.0383	29.8747	-8.60091	0.953621	-0.0109451	-0.00569973	-0.300758	img_machine_1__0_1623752761920367800.png
machine_1	1623752762933	-61.0471	28.0232	-8.53945	0.970203	-0.0105768	-0.00635728	-0.241981	img_machine_1__0_1623752762930504400.png
machine_1	1623752763914	-57.8514	26.324	-8.47627	0.970203	-0.0105768	-0.00635728	-0.241981	img_machine_1__0_1623752763911394600.png
machine_1	1623752764945	-55.1321	24.8781	-8.4225	0.970203	-0.0105768	-0.00635728	-0.241981	img_machine_1__0_1623752764942444500.png
machine_1	1623752765942	-52.417	23.2966	-8.3676	0.958724	-0.010844	-0.00588987	-0.284071	img_machine_1__0_1623752765940207500.png
machine_1	1623752766940	-50.3239	21.7789	-8.3224	0.942543	-0.0111374	-0.00531428	-0.333856	img_machine_1__0_1623752766937852500.png
machine_1	1623752767932	-46.7364	18.7637	-8.24054	0.927084	-0.0113586	-0.00482342	-0.374651	img_machine_1__0_1623752767929661800.png
machine_1	1623752768931	-43.3658	15.3523	-8.15678	0.906206	-0.0115955	-0.00422235	-0.422657	img_machine_1__0_1623752768929112700.png
machine_1	1623752769909	-41.4731	12.8807	-8.10239	0.882844	-0.0118006	-0.0036097	-0.469505	img_machine_1__0_1623752769906350600.png
machine_1	1623752770941	-39.1713	9.46803	-8.03053	0.882844	-0.0118006	-0.0036097	-0.469505	img_machine_1__0_1623752770939129200.png
machine_1	1623752771950	-36.8969	6.0962	-7.95953	0.882844	-0.0118006	-0.0036097	-0.469505	img_machine_1__0_1623752771947231000.png
machine_1	1623752772919	-34.9259	3.17396	-7.898	0.882844	-0.0118006	-0.0036097	-0.469505	img_machine_1__0_1623752772916884000.png
machine_1	1623752773939	-32.6998	-0.126324	-7.8285	0.882844	-0.0118006	-0.0036097	-0.469505	img_machine_1__0_1623752773936917500.png
machine_1	1623752774919	-28.0343	-7.04338	-7.68285	0.882844	-0.0118006	-0.0036097	-0.469505	img_machine_1__0_1623752774916457500.png
machine_1	1623752775938	-22.3419	-15.4828	-7.50514	0.882844	-0.0118006	-0.0036097	-0.469505	img_machine_1__0_1623752775935628700.png
machine_1	1623752776901	-22.3419	-15.4828	-7.50514	0.936573	-0.0112284	-0.0051191	-0.350254	img_machine_1__0_1623752776899328900.png
machine_1	1623752777919	-22.3419	-15.4828	-7.50514	0.990182	-0.0098543	-0.00742806	-0.139239	img_machine_1__0_1623752777917017800.png
machine_1	1623752778929	-22.3419	-15.4828	-7.50514	0.997494	-0.00809459	-0.00931455	0.0696729	img_machine_1__0_1623752778927066300.png
machine_1	1623752779928	-22.3419	-15.4828	-7.50514	0.96121	-0.0059811	-0.010794	0.275541	img_machine_1__0_1623752779926178100.png
machine_1	1623752780935	-22.3419	-15.4828	-7.50514	0.88698	-0.00370906	-0.0117697	0.461644	img_machine_1__0_1623752780932428100.png
machine_1	1623752781904	-22.3419	-15.4828	-7.50514	0.782599	-0.00139519	-0.0122612	0.622403	img_machine_1__0_1623752781902124700.png
machine_1	1623752782912	-22.3419	-15.4828	-7.50514	0.656073	0.000862561	-0.0123101	0.754597	img_machine_1__0_1623752782908818300.png
machine_1	1623752783949	-22.3419	-15.4828	-7.50514	0.601836	0.00171918	-0.01222	0.798524	img_machine_1__0_1623752783947189400.png
machine_1	1623752784910	-22.3419	-15.4828	-7.50514	0.566432	0.00225057	-0.0121333	0.824016	img_machine_1__0_1623752784907981600.png
machine_1	1623752785908	-22.3419	-15.4828	-7.50514	0.484849	0.00340311	-0.0118618	0.874511	img_machine_1__0_1623752785906126100.png
machine_1	1623752786941	-22.3419	-15.4828	-7.50514	0.477199	0.00350649	-0.0118316	0.878709	img_machine_1__0_1623752786938569600.png
machine_1	1623752845749	-22.3419	-15.4828	-7.50514	0.477199	0.00350649	-0.0118316	0.878709	img_machine_1__0_1623752845747373100.png
machine_1	1623752846755	-24.5706	-12.0659	-7.43392	0.46179	0.00371245	-0.0117686	0.886903	img_machine_1__0_1623752846752704700.png
machine_1	1623752847805	-30.6497	-3.68499	-7.25318	0.454033	0.00381501	-0.0117358	0.890899	img_machine_1__0_1623752847790926200.png
machine_1	1623752848781	-34.9638	2.10384	-7.12714	0.446242	0.00391727	-0.0117021	0.894827	img_machine_1__0_1623752848778513200.png
machine_1	1623752849755	-40.5304	9.49124	-6.96567	0.446242	0.00391727	-0.0117021	0.894827	img_machine_1__0_1623752849752869900.png
machine_1	1623752850761	-44.7861	15.1391	-6.84221	0.446242	0.00391727	-0.0117021	0.894827	img_machine_1__0_1623752850758680300.png
machine_1	1623752851751	-51.0219	22.7298	-6.67063	0.414742	0.00432327	-0.0115582	0.909856	img_machine_1__0_1623752851749119200.png
machine_1	1623752852761	-58.1275	30.0083	-6.49297	0.374659	0.00482332	-0.0113586	0.92708	img_machine_1__0_1623752852759397800.png
machine_1	1623752853761	-61.2385	32.9612	-6.41809	0.358423	0.00502081	-0.0112727	0.933477	img_machine_1__0_1623752853759289100.png
machine_1	1623752854774	-65.6932	36.754	-6.3159	0.325626	0.00541117	-0.0110906	0.945418	img_machine_1__0_1623752854771256100.png
machine_1	1623752855773	-71.0085	40.5972	-7.16679	0.291076	-0.0692494	0.012071	0.954114	img_machine_1__0_1623752855771246700.png
machine_1	1623752856764	-79.2943	45.7456	-8.5385	0.257602	-0.0696285	0.009647	0.963691	img_machine_1__0_1623752856762000700.png
machine_1	1623752857744	-88.0566	50.1588	-9.87416	0.216013	-0.0359569	-0.00095949	0.975728	img_machine_1__0_1623752857741579000.png
machine_1	1623752858767	-97.5244	53.9806	-10.4164	0.15616	-0.0272168	-0.00451966	0.987346	img_machine_1__0_1623752858764873400.png
machine_1	1623752859760	-107.084	56.6886	-10.9373	0.0955958	-0.0268902	-0.00617269	0.995038	img_machine_1__0_1623752859757643400.png
machine_1	1623752860779	-117.078	58.3239	-11.4682	0.0608128	-0.0266584	-0.00710734	0.997768	img_machine_1__0_1623752860777258100.png
machine_1	1623752861772	-126.809	59.8908	-11.9852	0.11295	-0.0269938	-0.00570236	0.993217	img_machine_1__0_1623752861768955500.png
machine_1	1623752862754	-136.398	62.105	-12.2742	0.113137	-0.00965649	-0.00768067	0.993503	img_machine_1__0_1623752862751867400.png
machine_1	1623752863770	-146.278	64.3863	-12.3557	0.113289	0.00768353	-0.00965664	0.993485	img_machine_1__0_1623752863767831700.png
machine_1	1623752864774	-155.856	67.1083	-12.1817	0.156518	0.00725498	-0.00998262	0.987598	img_machine_1__0_1623752864772053700.png
machine_1	1623752865775	-165.558	69.5073	-12.007	0.0959384	0.00785084	-0.00952112	0.995311	img_machine_1__0_1623752865772542300.png
machine_1	1623752866779	-175.475	70.5146	-11.8322	0.0522302	-0.0091719	0.00825612	-0.998559	img_machine_1__0_1623752866776747700.png
machine_1	1623752867758	-179.882	69.6224	-11.7535	0.2839	-0.0108459	0.00588682	-0.958774	img_machine_1__0_1623752867756224100.png
machine_1	1623752868740	-183.571	65.1426	-11.6519	0.492303	-0.0118921	0.00329613	-0.870336	img_machine_1__0_1623752868738173600.png
machine_1	1623752869765	-188.245	61.9582	-11.5177	0.681878	-0.012333	0.000428865	-0.731362	img_machine_1__0_1623752869763374000.png
machine_1	1623752870745	-185.546	62.8351	-11.5673	0.828926	-0.0121134	-0.00235653	-0.559222	img_machine_1__0_1623752870742535800.png
machine_1	1623752871762	-176.149	61.3317	-11.5833	0.930315	-0.0113162	-0.0049225	-0.366553	img_machine_1__0_1623752871759633400.png
machine_1	1623752872762	-174.259	63.5862	-11.6346	0.953268	-0.0380079	-0.0977565	-0.283335	img_machine_1__0_1623752872759718800.png
machine_1	1623752873768	-178.633	65.9498	-11.9758	0.978086	-0.00671982	0.0103482	-0.207835	img_machine_1__0_1623752873766383100.png
machine_1	1623752874776	-186.497	69.425	-11.7289	0.979349	-0.00158682	0.0359346	-0.198953	img_machine_1__0_1623752874774079800.png
machine_1	1623752875761	-179.678	66.3199	-12.2529	0.975728	-0.000959464	0.0359569	-0.216014	img_machine_1__0_1623752875758993500.png
machine_1	1623752876784	-170.481	61.9472	-12.9652	0.979349	-0.00158692	0.0359346	-0.19895	img_machine_1__0_1623752876781342200.png
machine_1	1623752877769	-161.052	59.2008	-13.6535	0.992962	-0.00471275	0.0356596	-0.112838	img_machine_1__0_1623752877766667800.png
machine_1	1623752878765	-151.896	55.3521	-14.3508	0.969739	-1.79578e-05	0.0359697	-0.24148	img_machine_1__0_1623752878762424600.png
machine_1	1623752879760	-143.278	50.5727	-14.6192	0.961165	-0.0107923	-0.00598445	-0.275699	img_machine_1__0_1623752879757322900.png
machine_1	1623752880772	-134.497	45.3988	-14.4412	0.972276	-0.010521	-0.00644951	-0.233511	img_machine_1__0_1623752880770325900.png
machine_1	1623752881789	-125.243	41.2657	-14.2642	0.984718	-0.0101076	-0.00707979	-0.173717	img_machine_1__0_1623752881787287900.png
machine_1	1623752882771	-116.185	38.4781	-14.0987	0.991358	-0.00978919	-0.00751393	-0.1306	img_machine_1__0_1623752882769138600.png
machine_1	1623752883795	-106.01	35.7518	-13.9148	0.991358	-0.00978919	-0.00751393	-0.1306	img_machine_1__0_1623752883792745400.png
machine_1	1623752884795	-96.7237	33.2632	-13.7469	0.991358	-0.00978919	-0.00751393	-0.1306	img_machine_1__0_1623752884791634700.png
machine_1	1623752885785	-86.8015	30.3182	-13.5662	0.986196	-0.0100455	-0.00716771	-0.165119	img_machine_1__0_1623752885783252800.png
machine_1	1623752886765	-78.007	26.3554	-13.3976	0.972276	-0.010521	-0.00644953	-0.233509	img_machine_1__0_1623752886762950000.png
machine_1	1623752887759	-69.1292	21.8318	-12.7227	0.970892	-0.02069	-0.0488551	-0.233566	img_machine_1__0_1623752887757286600.png
machine_1	1623752888764	-60.2387	17.3017	-11.6739	0.970892	-0.02069	-0.0488551	-0.233566	img_machine_1__0_1623752888761489000.png
machine_1	1623752889773	-51.216	12.7043	-10.6096	0.970892	-0.02069	-0.0488551	-0.233566	img_machine_1__0_1623752889770800600.png
machine_1	1623752890757	-42.8678	8.42203	-9.62338	0.964446	-0.0219617	-0.0482968	-0.258901	img_machine_1__0_1623752890754640800.png
machine_1	1623752891764	-34.8147	1.83342	-8.52645	0.928937	-0.0272879	-0.0455002	-0.366415	img_machine_1__0_1623752891761935800.png
machine_1	1623752892757	-27.9213	-4.59485	-7.53576	0.928937	-0.0272879	-0.0455002	-0.366415	img_machine_1__0_1623752892754781500.png
machine_1	1623752893753	-20.4131	-11.5965	-6.4567	0.928937	-0.0272879	-0.0455002	-0.366415	img_machine_1__0_1623752893751563600.png
machine_1	1623752894742	-15.446	-16.4305	-5.72779	0.904836	-0.0300147	-0.0437494	-0.422442	img_machine_1__0_1623752894740353400.png
machine_1	1623752895758	-10.6565	-25.3248	-4.65824	0.797234	-0.0384548	-0.0365531	-0.601335	img_machine_1__0_1623752895756338800.png
machine_1	1623752896788	-8.30241	-35.3329	-4.1041	0.782502	-0.0122609	-0.001399	-0.622526	img_machine_1__0_1623752896785586200.png
machine_1	1623752897756	-6.10863	-44.5721	-3.93802	0.828935	-0.0121133	-0.00235673	-0.559209	img_machine_1__0_1623752897753351700.png
machine_1	1623752898751	-0.494013	-52.8483	-3.76203	0.930321	-0.0113161	-0.00492267	-0.366539	img_machine_1__0_1623752898749163900.png
machine_1	1623752899777	12.2038	-49.5775	-3.76303	0.987603	-0.0099824	-0.00725527	-0.156489	img_machine_1__0_1623752899774214800.png
machine_1	1623752900794	13.4484	-44.0934	-3.86128	0.999924	-0.00872455	-0.00872752	-7.02894e-05	img_machine_1__0_1623752900791208800.png
machine_1	1623752901779	13.4484	-44.0934	-3.86128	0.979864	-0.0068094	-0.0102917	0.199286	img_machine_1__0_1623752901776580900.png
machine_1	1623752902763	13.4484	-44.0934	-3.86128	0.917018	-0.00452085	-0.0114826	0.398654	img_machine_1__0_1623752902760316900.png
machine_1	1623752903781	14.6876	-41.1724	-3.80585	0.814094	-0.0020347	-0.0121716	0.580601	img_machine_1__0_1623752903779305100.png
machine_1	1623752904789	15.3454	-39.0176	-3.76651	0.69466	0.000217397	-0.0123386	0.719232	img_machine_1__0_1623752904786818300.png
machine_1	1623752905764	14.5106	-36.7242	-3.72389	0.551959	0.00246228	-0.0120923	0.83378	img_machine_1__0_1623752905761835200.png
machine_1	1623752906794	10.0778	-28.4946	-3.56051	0.484841	0.00340342	-0.0118619	0.874515	img_machine_1__0_1623752906791913100.png
machine_1	1623752907767	7.8896	-24.9927	-3.48842	0.461782	0.00371277	-0.0117687	0.886908	img_machine_1__0_1623752907765148000.png
machine_1	1623752908768	3.0717	-18.3614	-3.34532	0.446233	0.00391759	-0.0117021	0.894831	img_machine_1__0_1623752908766172200.png
machine_1	1623752909763	-3.82282	-11.4401	-3.19726	0.300507	-0.0192659	-0.00307237	0.95358	img_machine_1__0_1623752909760728000.png
machine_1	1623752910785	-13.3892	-7.11721	-3.91057	0.173243	-0.0358808	-0.00252713	0.984222	img_machine_1__0_1623752910782446700.png
machine_1	1623752911792	-14.3251	-9.96484	-3.96167	0.357859	-0.0357037	0.00436571	0.933083	img_machine_1__0_1623752911789239200.png
machine_1	1623752912763	-13.1885	-8.73839	-3.93245	0.350275	0.0296355	-0.0203898	0.935956	img_machine_1__0_1623752912760549700.png
machine_1	1623752913775	-14.4152	-8.51182	-3.85851	0.3173	0.0468659	-0.0248694	0.94684	img_machine_1__0_1623752913771982700.png
machine_1	1623752914787	-20.3319	-14.3999	-4.00346	0.405621	0.0840244	-0.0469178	0.908961	img_machine_1__0_1623752914784729900.png
machine_1	1623752915780	-22.1348	-15.9516	-4.04455	0.438419	0.0197041	-0.0193147	0.898347	img_machine_1__0_1623752915777564000.png
machine_1	1623752916799	-18.6741	-13.6426	-3.97192	0.507582	0.0106101	-0.0163746	0.861382	img_machine_1__0_1623752916797421700.png
machine_1	1623752917766	-18.6741	-13.6426	-3.97192	0.507582	0.0106101	-0.0163746	0.861382	img_machine_1__0_1623752917763309300.png
