VehicleName	TimeStamp	POS_X	POS_Y	POS_Z	Q_W	Q_X	Q_Y	Q_Z	ImageFile
machine_1	1624545895257	0.0	0.0	0.0	1.0	0.0	0.0	0.0	img_machine_1__0_1624545895254954600.png
machine_1	1624545895372	0.78541	0.0	0.0	1.0	0.0	0.0	0.0	img_machine_1__0_1624545895372.png
machine_1	1624545895487	1.57081	0.0	0.0	1.0	0.0	0.0	0.0	img_machine_1__0_1624545895487.png
machine_1	1624545895602	2.35622	0.0	0.0	1.0	0.0	0.0	0.0	img_machine_1__0_1624545895602.png
machine_1	1624545895717	3.14162	0.0	0.0	1.0	0.0	0.0	0.0	img_machine_1__0_1624545895717.png
machine_1	1624545895832	3.92703	0.0	0.0	1.0	0.0	0.0	0.0	img_machine_1__0_1624545895832.png
machine_1	1624545895947	4.71243	0.0	0.0	1.0	0.0	0.0	0.0	img_machine_1__0_1624545895947.png
machine_1	1624545896062	5.49784	0.0	0.0	1.0	0.0	0.0	0.0	img_machine_1__0_1624545896062.png
machine_1	1624545896177	6.28324	0.0	0.0	1.0	0.0	0.0	0.0	img_machine_1__0_1624545896177.png
machine_1	1624545896300	7.06865	0.0	0.0	1.0	0.0	0.0	0.0	img_machine_1__0_1624545896298750000.png
machine_1	1624545896410	6.77505	0.0	0.0	1.0	0.0	0.0	0.0	img_machine_1__0_1624545896410.png
machine_1	1624545896520	6.48145	0.0	0.0	1.0	0.0	0.0	0.0	img_machine_1__0_1624545896520.png
machine_1	1624545896630	6.18785	0.0	0.0	1.0	0.0	0.0	0.0	img_machine_1__0_1624545896630.png
machine_1	1624545896740	5.89425	0.0	0.0	1.0	0.0	0.0	0.0	img_machine_1__0_1624545896740.png
machine_1	1624545896850	5.60066	0.0	0.0	1.0	0.0	0.0	0.0	img_machine_1__0_1624545896850.png
machine_1	1624545896960	5.30706	0.0	0.0	1.0	0.0	0.0	0.0	img_machine_1__0_1624545896960.png
machine_1	1624545897070	5.01346	0.0	0.0	1.0	0.0	0.0	0.0	img_machine_1__0_1624545897070.png
machine_1	1624545897180	4.71986	0.0	0.0	1.0	0.0	0.0	0.0	img_machine_1__0_1624545897180.png
machine_1	1624545897295	4.42626	0.0	0.0	1.0	0.0	0.0	0.0	img_machine_1__0_1624545897292458000.png
machine_1	1624545897406	3.60484	0.0	0.0	1.0	0.0	0.0	0.0	img_machine_1__0_1624545897406.png
machine_1	1624545897517	2.78341	0.0	0.0	1.0	0.0	0.0	0.0	img_machine_1__0_1624545897517.png
machine_1	1624545897628	1.96199	0.0	0.0	1.0	0.0	0.0	0.0	img_machine_1__0_1624545897628.png
machine_1	1624545897739	1.14057	0.0	0.0	1.0	0.0	0.0	0.0	img_machine_1__0_1624545897739.png
machine_1	1624545897850	0.31914	0.0	0.0	1.0	0.0	0.0	0.0	img_machine_1__0_1624545897850.png
machine_1	1624545897961	-0.50228	0.0	0.0	1.0	0.0	0.0	0.0	img_machine_1__0_1624545897961.png
machine_1	1624545898072	-1.3237	0.0	0.0	1.0	0.0	0.0	0.0	img_machine_1__0_1624545898072.png
machine_1	1624545898183	-2.14513	0.0	0.0	1.0	0.0	0.0	0.0	img_machine_1__0_1624545898183.png
machine_1	1624545898300	-2.96655	0.0	0.0	1.0	0.0	0.0	0.0	img_machine_1__0_1624545898298268700.png
machine_1	1624545898413	-1.80378	0.0	0.0	1.0	0.0	0.0	0.0	img_machine_1__0_1624545898413.png
machine_1	1624545898526	-0.641	0.0	0.0	1.0	0.0	0.0	0.0	img_machine_1__0_1624545898526.png
machine_1	1624545898639	0.52177	0.0	0.0	1.0	0.0	0.0	0.0	img_machine_1__0_1624545898639.png
machine_1	1624545898752	1.68455	0.0	0.0	1.0	0.0	0.0	0.0	img_machine_1__0_1624545898752.png
machine_1	1624545898865	2.84732	0.0	0.0	1.0	0.0	0.0	0.0	img_machine_1__0_1624545898865.png
machine_1	1624545898978	4.0101	0.0	0.0	1.0	0.0	0.0	0.0	img_machine_1__0_1624545898978.png
machine_1	1624545899091	5.17287	0.0	0.0	1.0	0.0	0.0	0.0	img_machine_1__0_1624545899091.png
machine_1	1624545899204	6.33565	0.0	0.0	1.0	0.0	0.0	0.0	img_machine_1__0_1624545899204.png
machine_1	1624545899319	7.49842	0.0	0.0	1.0	0.0	0.0	0.0	img_machine_1__0_1624545899317729000.png
machine_1	1624545899427	6.6889	0.0	0.0	1.0	0.0	0.0	0.0	img_machine_1__0_1624545899427.png
machine_1	1624545899535	5.87938	0.0	0.0	1.0	0.0	0.0	0.0	img_machine_1__0_1624545899535.png
machine_1	1624545899643	5.06987	0.0	0.0	1.0	0.0	0.0	0.0	img_machine_1__0_1624545899643.png
machine_1	1624545899751	4.26035	0.0	0.0	1.0	0.0	0.0	0.0	img_machine_1__0_1624545899751.png
machine_1	1624545899859	3.45083	0.0	0.0	1.0	0.0	0.0	0.0	img_machine_1__0_1624545899859.png
machine_1	1624545899967	2.64131	0.0	0.0	1.0	0.0	0.0	0.0	img_machine_1__0_1624545899967.png
machine_1	1624545900075	1.83179	0.0	0.0	1.0	0.0	0.0	0.0	img_machine_1__0_1624545900075.png
machine_1	1624545900183	1.02228	0.0	0.0	1.0	0.0	0.0	0.0	img_machine_1__0_1624545900183.png
machine_1	1624545900296	0.212758	0.0	0.0	1.0	0.0	0.0	0.0	img_machine_1__0_1624545900294090700.png
machine_1	1624545900409	-0.09609	-0.26008	0.0	1.0	0.0	0.0	0.0	img_machine_1__0_1624545900409.png
machine_1	1624545900522	-0.40494	-0.52016	0.0	1.0	0.0	0.0	0.0	img_machine_1__0_1624545900522.png
machine_1	1624545900635	-0.71378	-0.78024	0.0	1.0	0.0	0.0	0.0	img_machine_1__0_1624545900635.png
machine_1	1624545900748	-1.02263	-1.04032	0.0	1.0	0.0	0.0	0.0	img_machine_1__0_1624545900748.png
machine_1	1624545900861	-1.33148	-1.3004	0.0	1.0	0.0	0.0	0.0	img_machine_1__0_1624545900861.png
machine_1	1624545900974	-1.64033	-1.56048	0.0	1.0	0.0	0.0	0.0	img_machine_1__0_1624545900974.png
machine_1	1624545901087	-1.94917	-1.82056	0.0	1.0	0.0	0.0	0.0	img_machine_1__0_1624545901087.png
machine_1	1624545901200	-2.25802	-2.08064	0.0	1.0	0.0	0.0	0.0	img_machine_1__0_1624545901200.png
machine_1	1624545901315	-2.56687	-2.34072	0.0	1.0	0.0	0.0	0.0	img_machine_1__0_1624545901312995300.png
machine_1	1624545901424	-2.56687	-3.38877	0.0	1.0	0.0	0.0	0.0	img_machine_1__0_1624545901424.png
machine_1	1624545901533	-2.56687	-4.43683	0.0	1.0	0.0	0.0	0.0	img_machine_1__0_1624545901533.png
machine_1	1624545901642	-2.56687	-5.48488	0.0	1.0	0.0	0.0	0.0	img_machine_1__0_1624545901642.png
machine_1	1624545901751	-2.56687	-6.53293	0.0	1.0	0.0	0.0	0.0	img_machine_1__0_1624545901751.png
machine_1	1624545901860	-2.56687	-7.58099	0.0	1.0	0.0	0.0	0.0	img_machine_1__0_1624545901860.png
machine_1	1624545901969	-2.56687	-8.62904	0.0	1.0	0.0	0.0	0.0	img_machine_1__0_1624545901969.png
machine_1	1624545902078	-2.56687	-9.67709	0.0	1.0	0.0	0.0	0.0	img_machine_1__0_1624545902078.png
machine_1	1624545902187	-2.56687	-10.72515	0.0	1.0	0.0	0.0	0.0	img_machine_1__0_1624545902187.png
machine_1	1624545902296	-2.56687	-11.7732	0.0	1.0	0.0	0.0	0.0	img_machine_1__0_1624545902294464900.png
machine_1	1624545902408	-2.56687	-10.68288	0.0	1.0	0.0	0.0	0.0	img_machine_1__0_1624545902408.png
machine_1	1624545902520	-2.56687	-9.59257	0.0	1.0	0.0	0.0	0.0	img_machine_1__0_1624545902520.png
machine_1	1624545902632	-2.56687	-8.50225	0.0	1.0	0.0	0.0	0.0	img_machine_1__0_1624545902632.png
machine_1	1624545902744	-2.56687	-7.41193	0.0	1.0	0.0	0.0	0.0	img_machine_1__0_1624545902744.png
machine_1	1624545902856	-2.56687	-6.32162	0.0	1.0	0.0	0.0	0.0	img_machine_1__0_1624545902856.png
machine_1	1624545902968	-2.56687	-5.2313	0.0	1.0	0.0	0.0	0.0	img_machine_1__0_1624545902968.png
machine_1	1624545903080	-2.56687	-4.14098	0.0	1.0	0.0	0.0	0.0	img_machine_1__0_1624545903080.png
machine_1	1624545903192	-2.56687	-3.05067	0.0	1.0	0.0	0.0	0.0	img_machine_1__0_1624545903192.png
machine_1	1624545903309	-2.56687	-1.96035	0.0	1.0	0.0	0.0	0.0	img_machine_1__0_1624545903307151000.png
machine_1	1624545903422	-2.56687	-2.66233	0.0	1.0	0.0	0.0	0.0	img_machine_1__0_1624545903422.png
machine_1	1624545903535	-2.56687	-3.3643	0.0	1.0	0.0	0.0	0.0	img_machine_1__0_1624545903535.png
machine_1	1624545903648	-2.56687	-4.06628	0.0	1.0	0.0	0.0	0.0	img_machine_1__0_1624545903648.png
machine_1	1624545903761	-2.56687	-4.76826	0.0	1.0	0.0	0.0	0.0	img_machine_1__0_1624545903761.png
machine_1	1624545903874	-2.56687	-5.47023	0.0	1.0	0.0	0.0	0.0	img_machine_1__0_1624545903874.png
machine_1	1624545903987	-2.56687	-6.17221	0.0	1.0	0.0	0.0	0.0	img_machine_1__0_1624545903987.png
machine_1	1624545904100	-2.56687	-6.87419	0.0	1.0	0.0	0.0	0.0	img_machine_1__0_1624545904100.png
machine_1	1624545904213	-2.56687	-7.57616	0.0	1.0	0.0	0.0	0.0	img_machine_1__0_1624545904213.png
machine_1	1624545904326	-2.56687	-8.27814	0.0	1.0	0.0	0.0	0.0	img_machine_1__0_1624545904323853300.png
machine_1	1624545904434	-2.56687	-8.34828	0.0	1.0	0.0	0.0	0.0	img_machine_1__0_1624545904434.png
machine_1	1624545904542	-2.56687	-8.41843	0.0	1.0	0.0	0.0	0.0	img_machine_1__0_1624545904542.png
machine_1	1624545904650	-2.56687	-8.48857	0.0	1.0	0.0	0.0	0.0	img_machine_1__0_1624545904650.png
machine_1	1624545904758	-2.56687	-8.55872	0.0	1.0	0.0	0.0	0.0	img_machine_1__0_1624545904758.png
machine_1	1624545904866	-2.56687	-8.62886	0.0	1.0	0.0	0.0	0.0	img_machine_1__0_1624545904866.png
machine_1	1624545904974	-2.56687	-8.69901	0.0	1.0	0.0	0.0	0.0	img_machine_1__0_1624545904974.png
machine_1	1624545905082	-2.56687	-8.76915	0.0	1.0	0.0	0.0	0.0	img_machine_1__0_1624545905082.png
machine_1	1624545905190	-2.56687	-8.8393	0.0	1.0	0.0	0.0	0.0	img_machine_1__0_1624545905190.png
machine_1	1624545905306	-2.56687	-8.90944	0.0	1.0	0.0	0.0	0.0	img_machine_1__0_1624545905304517600.png
machine_1	1624545905419	-2.56687	-8.06136	0.0	1.0	0.0	0.0	0.0	img_machine_1__0_1624545905419.png
machine_1	1624545905532	-2.56687	-7.21328	0.0	1.0	0.0	0.0	0.0	img_machine_1__0_1624545905532.png
machine_1	1624545905645	-2.56687	-6.3652	0.0	1.0	0.0	0.0	0.0	img_machine_1__0_1624545905645.png
machine_1	1624545905758	-2.56687	-5.51712	0.0	1.0	0.0	0.0	0.0	img_machine_1__0_1624545905758.png
machine_1	1624545905871	-2.56687	-4.66904	0.0	1.0	0.0	0.0	0.0	img_machine_1__0_1624545905871.png
machine_1	1624545905984	-2.56687	-3.82096	0.0	1.0	0.0	0.0	0.0	img_machine_1__0_1624545905984.png
machine_1	1624545906097	-2.56687	-2.97288	0.0	1.0	0.0	0.0	0.0	img_machine_1__0_1624545906097.png
machine_1	1624545906210	-2.56687	-2.1248	0.0	1.0	0.0	0.0	0.0	img_machine_1__0_1624545906210.png
machine_1	1624545906327	-2.56687	-1.27672	0.0	1.0	0.0	0.0	0.0	img_machine_1__0_1624545906325552200.png
machine_1	1624545906438	-2.56687	-2.39111	0.0	1.0	0.0	0.0	0.0	img_machine_1__0_1624545906438.png
machine_1	1624545906549	-2.56687	-3.50549	0.0	1.0	0.0	0.0	0.0	img_machine_1__0_1624545906549.png
machine_1	1624545906660	-2.56687	-4.61988	0.0	1.0	0.0	0.0	0.0	img_machine_1__0_1624545906660.png
machine_1	1624545906771	-2.56687	-5.73427	0.0	1.0	0.0	0.0	0.0	img_machine_1__0_1624545906771.png
machine_1	1624545906882	-2.56687	-6.84865	0.0	1.0	0.0	0.0	0.0	img_machine_1__0_1624545906882.png
machine_1	1624545906993	-2.56687	-7.96304	0.0	1.0	0.0	0.0	0.0	img_machine_1__0_1624545906993.png
machine_1	1624545907104	-2.56687	-9.07743	0.0	1.0	0.0	0.0	0.0	img_machine_1__0_1624545907104.png
machine_1	1624545907215	-2.56687	-10.19181	0.0	1.0	0.0	0.0	0.0	img_machine_1__0_1624545907215.png
machine_1	1624545907326	-2.56687	-11.3062	0.0	1.0	0.0	0.0	0.0	img_machine_1__0_1624545907324629900.png
machine_1	1624545907437	-2.56687	-10.34289	0.0	1.0	0.0	0.0	0.0	img_machine_1__0_1624545907437.png
machine_1	1624545907548	-2.56687	-9.37959	0.0	1.0	0.0	0.0	0.0	img_machine_1__0_1624545907548.png
machine_1	1624545907659	-2.56687	-8.41628	0.0	1.0	0.0	0.0	0.0	img_machine_1__0_1624545907659.png
machine_1	1624545907770	-2.56687	-7.45298	0.0	1.0	0.0	0.0	0.0	img_machine_1__0_1624545907770.png
machine_1	1624545907881	-2.56687	-6.48967	0.0	1.0	0.0	0.0	0.0	img_machine_1__0_1624545907881.png
machine_1	1624545907992	-2.56687	-5.52637	0.0	1.0	0.0	0.0	0.0	img_machine_1__0_1624545907992.png
machine_1	1624545908103	-2.56687	-4.56306	0.0	1.0	0.0	0.0	0.0	img_machine_1__0_1624545908103.png
machine_1	1624545908214	-2.56687	-3.59976	0.0	1.0	0.0	0.0	0.0	img_machine_1__0_1624545908214.png
machine_1	1624545908331	-2.56687	-2.63645	0.0	1.0	0.0	0.0	0.0	img_machine_1__0_1624545908329131200.png
machine_1	1624545908444	-2.09246	-2.48182	0.0	1.0	0.0	0.0	0.0	img_machine_1__0_1624545908444.png
machine_1	1624545908557	-1.61805	-2.3272	0.0	1.0	0.0	0.0	0.0	img_machine_1__0_1624545908557.png
machine_1	1624545908670	-1.14364	-2.17257	0.0	1.0	0.0	0.0	0.0	img_machine_1__0_1624545908670.png
machine_1	1624545908783	-0.66923	-2.01795	0.0	1.0	0.0	0.0	0.0	img_machine_1__0_1624545908783.png
machine_1	1624545908896	-0.19483	-1.86332	0.0	1.0	0.0	0.0	0.0	img_machine_1__0_1624545908896.png
machine_1	1624545909009	0.27958	-1.7087	0.0	1.0	0.0	0.0	0.0	img_machine_1__0_1624545909009.png
machine_1	1624545909122	0.75399	-1.55407	0.0	1.0	0.0	0.0	0.0	img_machine_1__0_1624545909122.png
machine_1	1624545909235	1.2284	-1.39945	0.0	1.0	0.0	0.0	0.0	img_machine_1__0_1624545909235.png
machine_1	1624545909352	1.70281	-1.24482	0.0	1.0	0.0	0.0	0.0	img_machine_1__0_1624545909349025100.png
machine_1	1624545909463	1.00731	-1.24482	0.0	1.0	0.0	0.0	0.0	img_machine_1__0_1624545909463.png
machine_1	1624545909574	0.31181	-1.24482	0.0	1.0	0.0	0.0	0.0	img_machine_1__0_1624545909574.png
machine_1	1624545909685	-0.38368	-1.24482	0.0	1.0	0.0	0.0	0.0	img_machine_1__0_1624545909685.png
machine_1	1624545909796	-1.07918	-1.24482	0.0	1.0	0.0	0.0	0.0	img_machine_1__0_1624545909796.png
machine_1	1624545909907	-1.77468	-1.24482	0.0	1.0	0.0	0.0	0.0	img_machine_1__0_1624545909907.png
machine_1	1624545910018	-2.47018	-1.24482	0.0	1.0	0.0	0.0	0.0	img_machine_1__0_1624545910018.png
machine_1	1624545910129	-3.16567	-1.24482	0.0	1.0	0.0	0.0	0.0	img_machine_1__0_1624545910129.png
machine_1	1624545910240	-3.86117	-1.24482	0.0	1.0	0.0	0.0	0.0	img_machine_1__0_1624545910240.png
machine_1	1624545910354	-4.55667	-1.24482	0.0	1.0	0.0	0.0	0.0	img_machine_1__0_1624545910352217000.png
machine_1	1624545910462	-4.35785	-1.24482	0.0	1.0	0.0	0.0	0.0	img_machine_1__0_1624545910462.png
machine_1	1624545910570	-4.15903	-1.24482	0.0	1.0	0.0	0.0	0.0	img_machine_1__0_1624545910570.png
machine_1	1624545910678	-3.96021	-1.24482	0.0	1.0	0.0	0.0	0.0	img_machine_1__0_1624545910678.png
machine_1	1624545910786	-3.76139	-1.24482	0.0	1.0	0.0	0.0	0.0	img_machine_1__0_1624545910786.png
machine_1	1624545910894	-3.56257	-1.24482	0.0	1.0	0.0	0.0	0.0	img_machine_1__0_1624545910894.png
machine_1	1624545911002	-3.36375	-1.24482	0.0	1.0	0.0	0.0	0.0	img_machine_1__0_1624545911002.png
machine_1	1624545911110	-3.16493	-1.24482	0.0	1.0	0.0	0.0	0.0	img_machine_1__0_1624545911110.png
machine_1	1624545911218	-2.96611	-1.24482	0.0	1.0	0.0	0.0	0.0	img_machine_1__0_1624545911218.png
machine_1	1624545911330	-2.76729	-1.24482	0.0	1.0	0.0	0.0	0.0	img_machine_1__0_1624545911327759100.png
machine_1	1624545911441	-2.28659	-1.24482	0.0	1.0	0.0	0.0	0.0	img_machine_1__0_1624545911441.png
machine_1	1624545911552	-1.80588	-1.24482	0.0	1.0	0.0	0.0	0.0	img_machine_1__0_1624545911552.png
machine_1	1624545911663	-1.32518	-1.24482	0.0	1.0	0.0	0.0	0.0	img_machine_1__0_1624545911663.png
machine_1	1624545911774	-0.84448	-1.24482	0.0	1.0	0.0	0.0	0.0	img_machine_1__0_1624545911774.png
machine_1	1624545911885	-0.36377	-1.24482	0.0	1.0	0.0	0.0	0.0	img_machine_1__0_1624545911885.png
machine_1	1624545911996	0.11693	-1.24482	0.0	1.0	0.0	0.0	0.0	img_machine_1__0_1624545911996.png
machine_1	1624545912107	0.59763	-1.24482	0.0	1.0	0.0	0.0	0.0	img_machine_1__0_1624545912107.png
machine_1	1624545912218	1.07834	-1.24482	0.0	1.0	0.0	0.0	0.0	img_machine_1__0_1624545912218.png
machine_1	1624545912336	1.55904	-1.24482	0.0	1.0	0.0	0.0	0.0	img_machine_1__0_1624545912333202500.png
machine_1	1624545912444	2.64861	-1.18596	0.0	0.99979	0.0	0.0	0.00678	img_machine_1__0_1624545912444.png
machine_1	1624545912552	3.73819	-1.12711	0.0	0.99959	0.0	0.0	0.01357	img_machine_1__0_1624545912552.png
machine_1	1624545912660	4.82776	-1.06825	0.0	0.99938	0.0	0.0	0.02035	img_machine_1__0_1624545912660.png
machine_1	1624545912768	5.91733	-1.00939	0.0	0.99917	0.0	0.0	0.02713	img_machine_1__0_1624545912768.png
machine_1	1624545912876	7.00691	-0.95053	0.0	0.99896	0.0	0.0	0.03392	img_machine_1__0_1624545912876.png
machine_1	1624545912984	8.09648	-0.89168	0.0	0.99876	0.0	0.0	0.0407	img_machine_1__0_1624545912984.png
machine_1	1624545913092	9.18605	-0.83282	0.0	0.99855	0.0	0.0	0.04748	img_machine_1__0_1624545913092.png
machine_1	1624545913200	10.27563	-0.77396	0.0	0.99834	0.0	0.0	0.05427	img_machine_1__0_1624545913200.png
machine_1	1624545913315	11.3652	-0.715106	0.0	0.998135	0.0	0.0	0.0610488	img_machine_1__0_1624545913313223800.png
machine_1	1624545913425	12.45928	-0.56367	0.0	0.99814	0.0	0.0	0.06105	img_machine_1__0_1624545913425.png
machine_1	1624545913535	13.55336	-0.41223	0.0	0.99814	0.0	0.0	0.06105	img_machine_1__0_1624545913535.png
machine_1	1624545913645	14.64743	-0.26079	0.0	0.99814	0.0	0.0	0.06105	img_machine_1__0_1624545913645.png
machine_1	1624545913755	15.74151	-0.10935	0.0	0.99814	0.0	0.0	0.06105	img_machine_1__0_1624545913755.png
machine_1	1624545913865	16.83559	0.04208	0.0	0.99814	0.0	0.0	0.06105	img_machine_1__0_1624545913865.png
machine_1	1624545913975	17.92967	0.19352	0.0	0.99814	0.0	0.0	0.06105	img_machine_1__0_1624545913975.png
machine_1	1624545914085	19.02374	0.34496	0.0	0.99814	0.0	0.0	0.06105	img_machine_1__0_1624545914085.png
machine_1	1624545914195	20.11782	0.4964	0.0	0.99814	0.0	0.0	0.06105	img_machine_1__0_1624545914195.png
machine_1	1624545914311	21.2119	0.647836	0.0	0.998135	0.0	0.0	0.0610494	img_machine_1__0_1624545914308770700.png
machine_1	1624545914426	22.32631	0.88958	0.0	0.99682	0.0	0.0	0.07261	img_machine_1__0_1624545914426.png
machine_1	1624545914541	23.44072	1.13132	0.0	0.9955	0.0	0.0	0.08416	img_machine_1__0_1624545914541.png
machine_1	1624545914656	24.55513	1.37306	0.0	0.99418	0.0	0.0	0.09572	img_machine_1__0_1624545914656.png
machine_1	1624545914771	25.66954	1.6148	0.0	0.99287	0.0	0.0	0.10727	img_machine_1__0_1624545914771.png
machine_1	1624545914886	26.78396	1.85654	0.0	0.99155	0.0	0.0	0.11883	img_machine_1__0_1624545914886.png
machine_1	1624545915001	27.89837	2.09829	0.0	0.99024	0.0	0.0	0.13038	img_machine_1__0_1624545915001.png
machine_1	1624545915116	29.01278	2.34003	0.0	0.98892	0.0	0.0	0.14194	img_machine_1__0_1624545915116.png
machine_1	1624545915231	30.12719	2.58177	0.0	0.9876	0.0	0.0	0.1535	img_machine_1__0_1624545915231.png
machine_1	1624545915347	31.2416	2.82351	0.0	0.986285	0.0	0.0	0.165051	img_machine_1__0_1624545915344804500.png
machine_1	1624545915455	32.29734	3.18704	0.0	0.98628	0.0	0.0	0.16505	img_machine_1__0_1624545915455.png
machine_1	1624545915563	33.35309	3.55057	0.0	0.98628	0.0	0.0	0.16505	img_machine_1__0_1624545915563.png
machine_1	1624545915671	34.40883	3.91411	0.0	0.98628	0.0	0.0	0.16505	img_machine_1__0_1624545915671.png
machine_1	1624545915779	35.46458	4.27764	0.0	0.98628	0.0	0.0	0.16505	img_machine_1__0_1624545915779.png
machine_1	1624545915887	36.52032	4.64117	0.0	0.98628	0.0	0.0	0.16505	img_machine_1__0_1624545915887.png
machine_1	1624545915995	37.57607	5.0047	0.0	0.98628	0.0	0.0	0.16505	img_machine_1__0_1624545915995.png
machine_1	1624545916103	38.63181	5.36824	0.0	0.98628	0.0	0.0	0.16505	img_machine_1__0_1624545916103.png
machine_1	1624545916211	39.68756	5.73177	0.0	0.98628	0.0	0.0	0.16505	img_machine_1__0_1624545916211.png
machine_1	1624545916326	40.7433	6.0953	0.0	0.986285	0.0	0.0	0.165051	img_machine_1__0_1624545916324371600.png
machine_1	1624545916435	41.76968	6.44095	0.03535	0.98657	0.00029	-0.00192	0.16313	img_machine_1__0_1624545916435.png
machine_1	1624545916544	42.79606	6.78659	0.0707	0.98686	0.00057	-0.00384	0.16122	img_machine_1__0_1624545916544.png
machine_1	1624545916653	43.82243	7.13224	0.10605	0.98714	0.00086	-0.00575	0.1593	img_machine_1__0_1624545916653.png
machine_1	1624545916762	44.84881	7.47789	0.14141	0.98743	0.00115	-0.00767	0.15738	img_machine_1__0_1624545916762.png
machine_1	1624545916871	45.87519	7.82353	0.17676	0.98772	0.00143	-0.00959	0.15546	img_machine_1__0_1624545916871.png
machine_1	1624545916980	46.90157	8.16918	0.21211	0.988	0.00172	-0.01151	0.15354	img_machine_1__0_1624545916980.png
machine_1	1624545917089	47.92794	8.51483	0.24746	0.98829	0.00201	-0.01342	0.15163	img_machine_1__0_1624545917089.png
machine_1	1624545917198	48.95432	8.86047	0.28281	0.98858	0.00229	-0.01534	0.14971	img_machine_1__0_1624545917198.png
machine_1	1624545917313	49.9807	9.20612	0.318163	0.988865	0.0025797	-0.0172607	0.147791	img_machine_1__0_1624545917310532600.png
machine_1	1624545917422	51.03941	9.31661	0.35563	0.98988	0.00217	-0.01728	0.12459	img_machine_1__0_1624545917422.png
machine_1	1624545917531	52.09812	9.42709	0.39309	0.99089	0.00177	-0.0173	0.10139	img_machine_1__0_1624545917531.png
machine_1	1624545917640	53.15683	9.53758	0.43055	0.9919	0.00136	-0.01731	0.07818	img_machine_1__0_1624545917640.png
machine_1	1624545917749	54.21554	9.64807	0.46801	0.99292	0.00096	-0.01733	0.05498	img_machine_1__0_1624545917749.png
machine_1	1624545917858	55.27426	9.75855	0.50547	0.99393	0.00055	-0.01735	0.03178	img_machine_1__0_1624545917858.png
machine_1	1624545917967	56.33297	9.86904	0.54294	0.99494	0.00015	-0.01737	0.00858	img_machine_1__0_1624545917967.png
machine_1	1624545918076	57.39168	9.97953	0.5804	0.99596	-0.00026	-0.01738	-0.01463	img_machine_1__0_1624545918076.png
machine_1	1624545918185	58.45039	10.09001	0.61786	0.99697	-0.00066	-0.0174	-0.03783	img_machine_1__0_1624545918185.png
machine_1	1624545918295	59.5091	10.2005	0.655322	0.997983	-0.00106532	-0.0174198	-0.0610324	img_machine_1__0_1624545918292934000.png
machine_1	1624545918408	60.58498	9.83767	0.77682	0.99596	-0.00224	-0.02214	-0.07541	img_machine_1__0_1624545918408.png
machine_1	1624545918521	61.66086	9.47484	0.89833	0.99394	-0.00342	-0.02687	-0.08979	img_machine_1__0_1624545918521.png
machine_1	1624545918634	62.73673	9.11201	1.01983	0.99192	-0.00459	-0.03159	-0.10417	img_machine_1__0_1624545918634.png
machine_1	1624545918747	63.81261	8.74918	1.14133	0.9899	-0.00577	-0.03631	-0.11855	img_machine_1__0_1624545918747.png
machine_1	1624545918860	64.88849	8.38634	1.26283	0.98788	-0.00694	-0.04103	-0.13293	img_machine_1__0_1624545918860.png
machine_1	1624545918973	65.96437	8.02351	1.38433	0.98586	-0.00812	-0.04576	-0.14731	img_machine_1__0_1624545918973.png
machine_1	1624545919086	67.04024	7.66068	1.50584	0.98384	-0.0093	-0.05048	-0.16169	img_machine_1__0_1624545919086.png
machine_1	1624545919199	68.11612	7.29785	1.62734	0.98182	-0.01047	-0.0552	-0.17607	img_machine_1__0_1624545919199.png
machine_1	1624545919317	69.192	6.93502	1.74884	0.979798	-0.0116482	-0.0599269	-0.190446	img_machine_1__0_1624545919315361800.png
machine_1	1624545919426	70.25233	6.69819	1.86038	0.98137	-0.01076	-0.05712	-0.18089	img_machine_1__0_1624545919426.png
machine_1	1624545919535	71.31267	6.46136	1.97192	0.98294	-0.00987	-0.05432	-0.17134	img_machine_1__0_1624545919535.png
machine_1	1624545919644	72.373	6.22453	2.08346	0.9845	-0.00898	-0.05152	-0.16178	img_machine_1__0_1624545919644.png
machine_1	1624545919753	73.43333	5.9877	2.195	0.98607	-0.00809	-0.04872	-0.15223	img_machine_1__0_1624545919753.png
machine_1	1624545919862	74.49367	5.75086	2.30655	0.98764	-0.0072	-0.04592	-0.14268	img_machine_1__0_1624545919862.png
machine_1	1624545919971	75.554	5.51403	2.41809	0.98921	-0.00631	-0.04311	-0.13312	img_machine_1__0_1624545919971.png
machine_1	1624545920080	76.61433	5.2772	2.52963	0.99078	-0.00543	-0.04031	-0.12357	img_machine_1__0_1624545920080.png
machine_1	1624545920189	77.67467	5.04037	2.64117	0.99235	-0.00454	-0.03751	-0.11402	img_machine_1__0_1624545920189.png
machine_1	1624545920299	78.735	4.80354	2.75271	0.993916	-0.0036479	-0.0347083	-0.104462	img_machine_1__0_1624545920297498900.png
machine_1	1624545920412	79.80369	4.47964	2.81996	0.99376	-0.00324	-0.03085	-0.1064	img_machine_1__0_1624545920412.png
machine_1	1624545920525	80.87238	4.15573	2.88721	0.99361	-0.00284	-0.027	-0.10833	img_machine_1__0_1624545920525.png
machine_1	1624545920638	81.94107	3.83183	2.95446	0.99346	-0.00243	-0.02314	-0.11026	img_machine_1__0_1624545920638.png
machine_1	1624545920751	83.00976	3.50792	3.02171	0.99331	-0.00203	-0.01928	-0.1122	img_machine_1__0_1624545920751.png
machine_1	1624545920864	84.07844	3.18402	3.08896	0.99315	-0.00162	-0.01543	-0.11413	img_machine_1__0_1624545920864.png
machine_1	1624545920977	85.14713	2.86011	3.15621	0.993	-0.00122	-0.01157	-0.11607	img_machine_1__0_1624545920977.png
machine_1	1624545921090	86.21582	2.53621	3.22346	0.99285	-0.00081	-0.00771	-0.118	img_machine_1__0_1624545921090.png
machine_1	1624545921203	87.28451	2.2123	3.29071	0.9927	-0.00041	-0.00386	-0.11994	img_machine_1__0_1624545921203.png
machine_1	1624545921321	88.3532	1.8884	3.35796	0.992546	9.57529e-09	5.88766e-08	-0.12187	img_machine_1__0_1624545921319053100.png
machine_1	1624545921431	89.44208	1.8496	3.38064	0.99283	0.00054	-0.00773	-0.1006	img_machine_1__0_1624545921431.png
machine_1	1624545921541	90.53096	1.8108	3.40332	0.99312	0.00108	-0.01546	-0.07932	img_machine_1__0_1624545921541.png
machine_1	1624545921651	91.61983	1.77201	3.426	0.99341	0.00162	-0.0232	-0.05805	img_machine_1__0_1624545921651.png
machine_1	1624545921761	92.70871	1.73321	3.44868	0.9937	0.00216	-0.03093	-0.03678	img_machine_1__0_1624545921761.png
machine_1	1624545921871	93.79759	1.69441	3.47136	0.99398	0.0027	-0.03866	-0.01551	img_machine_1__0_1624545921871.png
machine_1	1624545921981	94.88647	1.65561	3.49404	0.99427	0.00324	-0.04639	0.00577	img_machine_1__0_1624545921981.png
machine_1	1624545922091	95.97534	1.61682	3.51672	0.99456	0.00378	-0.05412	0.02704	img_machine_1__0_1624545922091.png
machine_1	1624545922201	97.06422	1.57802	3.5394	0.99485	0.00433	-0.06185	0.04831	img_machine_1__0_1624545922201.png
machine_1	1624545922315	98.1531	1.53922	3.56208	0.995134	0.00486591	-0.0695865	0.0695857	img_machine_1__0_1624545922313069200.png
machine_1	1624545922423	99.20642	1.7881	3.64932	0.99472	0.0042	-0.06089	0.07636	img_machine_1__0_1624545922423.png
machine_1	1624545922531	100.25974	2.03698	3.73656	0.99431	0.00353	-0.0522	0.08313	img_machine_1__0_1624545922531.png
machine_1	1624545922639	101.31307	2.28586	3.8238	0.99389	0.00286	-0.04351	0.0899	img_machine_1__0_1624545922639.png
machine_1	1624545922747	102.36639	2.53474	3.91104	0.99348	0.0022	-0.03481	0.09667	img_machine_1__0_1624545922747.png
machine_1	1624545922855	103.41971	2.78362	3.99828	0.99306	0.00153	-0.02612	0.10344	img_machine_1__0_1624545922855.png
machine_1	1624545922963	104.47303	3.0325	4.08552	0.99265	0.00086	-0.01743	0.11021	img_machine_1__0_1624545922963.png
machine_1	1624545923071	105.52636	3.28138	4.17276	0.99224	0.0002	-0.00873	0.11698	img_machine_1__0_1624545923071.png
machine_1	1624545923179	106.57968	3.53026	4.26	0.99182	-0.00047	-4e-05	0.12375	img_machine_1__0_1624545923179.png
machine_1	1624545923295	107.633	3.77914	4.34724	0.991407	-0.00113908	0.00865194	0.130525	img_machine_1__0_1624545923293776500.png
machine_1	1624545923410	108.75544	3.95334	4.4157	0.99205	-0.00081	-6e-05	0.11892	img_machine_1__0_1624545923410.png
machine_1	1624545923525	109.87789	4.12753	4.48416	0.9927	-0.00048	-0.00877	0.10732	img_machine_1__0_1624545923525.png
machine_1	1624545923640	111.00033	4.30173	4.55262	0.99335	-0.00015	-0.01748	0.09572	img_machine_1__0_1624545923640.png
machine_1	1624545923755	112.12278	4.47592	4.62108	0.99399	0.00018	-0.02619	0.08412	img_machine_1__0_1624545923755.png
machine_1	1624545923870	113.24522	4.65012	4.68955	0.99464	0.00051	-0.03489	0.07252	img_machine_1__0_1624545923870.png
machine_1	1624545923985	114.36767	4.82431	4.75801	0.99528	0.00084	-0.0436	0.06092	img_machine_1__0_1624545923985.png
machine_1	1624545924100	115.49011	4.99851	4.82647	0.99593	0.00117	-0.05231	0.04932	img_machine_1__0_1624545924100.png
machine_1	1624545924215	116.61256	5.1727	4.89493	0.99658	0.0015	-0.06102	0.03772	img_machine_1__0_1624545924215.png
machine_1	1624545924331	117.735	5.3469	4.96339	0.997222	0.00182652	-0.0697325	0.0261203	img_machine_1__0_1624545924329502000.png
machine_1	1624545924440	118.82867	5.26789	4.9824	0.99742	0.00173	-0.05908	0.01934	img_machine_1__0_1624545924440.png
machine_1	1624545924549	119.92233	5.18888	5.00141	0.99763	0.00162	-0.04842	0.01256	img_machine_1__0_1624545924549.png
machine_1	1624545924658	121.016	5.10987	5.02042	0.99783	0.00152	-0.03777	0.00579	img_machine_1__0_1624545924658.png
machine_1	1624545924767	122.10967	5.03086	5.03943	0.99803	0.00142	-0.02711	-0.00099	img_machine_1__0_1624545924767.png
machine_1	1624545924876	123.20333	4.95185	5.05845	0.99824	0.00132	-0.01646	-0.00777	img_machine_1__0_1624545924876.png
machine_1	1624545924985	124.297	4.87284	5.07746	0.99844	0.00122	-0.0058	-0.01455	img_machine_1__0_1624545924985.png
machine_1	1624545925094	125.39067	4.79383	5.09647	0.99864	0.00112	0.00485	-0.02133	img_machine_1__0_1624545925094.png
machine_1	1624545925203	126.48433	4.71482	5.11548	0.99885	0.00101	0.01551	-0.0281	img_machine_1__0_1624545925203.png
machine_1	1624545925314	127.578	4.63581	5.13449	0.999049	0.000913428	0.0261609	-0.0348822	img_machine_1__0_1624545925312404300.png
machine_1	1624545925423	128.68022	4.47863	5.19323	0.999	0.00086	0.01744	-0.03004	img_machine_1__0_1624545925423.png
machine_1	1624545925532	129.78244	4.32146	5.25198	0.99895	0.00081	0.00872	-0.02519	img_machine_1__0_1624545925532.png
machine_1	1624545925641	130.88467	4.16428	5.31072	0.9989	0.00076	0.0	-0.02035	img_machine_1__0_1624545925641.png
machine_1	1624545925750	131.98689	4.0071	5.36946	0.99885	0.00071	-0.00873	-0.01551	img_machine_1__0_1624545925750.png
machine_1	1624545925859	133.08911	3.84993	5.42821	0.99879	0.00066	-0.01745	-0.01066	img_machine_1__0_1624545925859.png
machine_1	1624545925968	134.19133	3.69275	5.48695	0.99874	0.00061	-0.02617	-0.00582	img_machine_1__0_1624545925968.png
machine_1	1624545926077	135.29356	3.53557	5.54569	0.99869	0.00056	-0.03489	-0.00097	img_machine_1__0_1624545926077.png
machine_1	1624545926186	136.39578	3.3784	5.60444	0.99864	0.00051	-0.04361	0.00387	img_machine_1__0_1624545926186.png
machine_1	1624545926300	137.498	3.22122	5.66318	0.998591	0.000456794	-0.0523343	0.00871591	img_machine_1__0_1624545926297462900.png
machine_1	1624545926411	138.592	3.42945	5.71497	0.9978	0.00041	-0.04652	0.02225	img_machine_1__0_1624545926411.png
machine_1	1624545926522	139.686	3.63768	5.76677	0.997	0.00036	-0.0407	0.03579	img_machine_1__0_1624545926522.png
machine_1	1624545926633	140.78	3.84591	5.81856	0.99621	0.0003	-0.03489	0.04932	img_machine_1__0_1624545926633.png
machine_1	1624545926744	141.874	4.05414	5.87036	0.99541	0.00025	-0.02907	0.06286	img_machine_1__0_1624545926744.png
machine_1	1624545926855	142.968	4.26236	5.92215	0.99462	0.0002	-0.02326	0.07639	img_machine_1__0_1624545926855.png
machine_1	1624545926966	144.062	4.47059	5.97395	0.99383	0.00015	-0.01744	0.08993	img_machine_1__0_1624545926966.png
machine_1	1624545927077	145.156	4.67882	6.02574	0.99303	0.0001	-0.01163	0.10346	img_machine_1__0_1624545927077.png
machine_1	1624545927188	146.25	4.88705	6.07754	0.99224	5e-05	-0.00582	0.117	img_machine_1__0_1624545927188.png
machine_1	1624545927304	147.344	5.09528	6.12933	0.991444	4.88287e-08	-2.94166e-07	0.130531	img_machine_1__0_1624545927301968500.png
machine_1	1624545927417	148.40544	5.47556	6.23261	0.9902	0.00111	-0.00571	0.1372	img_machine_1__0_1624545927417.png
machine_1	1624545927530	149.46689	5.85583	6.33588	0.98896	0.00222	-0.01142	0.14387	img_machine_1__0_1624545927530.png
machine_1	1624545927643	150.52833	6.23611	6.43916	0.98772	0.00333	-0.01713	0.15054	img_machine_1__0_1624545927643.png
machine_1	1624545927756	151.58978	6.61639	6.54244	0.98648	0.00444	-0.02283	0.15721	img_machine_1__0_1624545927756.png
machine_1	1624545927869	152.65122	6.99666	6.64571	0.98524	0.00555	-0.02854	0.16388	img_machine_1__0_1624545927869.png
machine_1	1624545927982	153.71267	7.37694	6.74899	0.984	0.00666	-0.03425	0.17054	img_machine_1__0_1624545927982.png
machine_1	1624545928095	154.77411	7.75722	6.85227	0.98276	0.00777	-0.03996	0.17721	img_machine_1__0_1624545928095.png
machine_1	1624545928208	155.83556	8.13749	6.95554	0.98152	0.00888	-0.04567	0.18388	img_machine_1__0_1624545928208.png
machine_1	1624545928326	156.897	8.51777	7.05882	0.980281	0.00998648	-0.0513746	0.190552	img_machine_1__0_1624545928324347800.png
machine_1	1624545928431	157.89111	8.87427	7.10418	0.9811	0.00974	-0.05142	0.18578	img_machine_1__0_1624545928431.png
machine_1	1624545928536	158.88522	9.23078	7.14954	0.98192	0.00949	-0.05146	0.18101	img_machine_1__0_1624545928536.png
machine_1	1624545928641	159.87933	9.58728	7.1949	0.98274	0.00924	-0.0515	0.17624	img_machine_1__0_1624545928641.png
machine_1	1624545928746	160.87344	9.94378	7.24026	0.98356	0.00899	-0.05155	0.17147	img_machine_1__0_1624545928746.png
machine_1	1624545928851	161.86756	10.30029	7.28563	0.98438	0.00874	-0.05159	0.1667	img_machine_1__0_1624545928851.png
machine_1	1624545928956	162.86167	10.65679	7.33099	0.9852	0.00849	-0.05163	0.16192	img_machine_1__0_1624545928956.png
machine_1	1624545929061	163.85578	11.01329	7.37635	0.98602	0.00824	-0.05168	0.15715	img_machine_1__0_1624545929061.png
machine_1	1624545929166	164.84989	11.3698	7.42171	0.98684	0.00799	-0.05172	0.15238	img_machine_1__0_1624545929166.png
machine_1	1624545929278	165.844	11.7263	7.46707	0.98766	0.00773605	-0.0517613	0.147611	img_machine_1__0_1624545929275902200.png
machine_1	1624545929391	166.94722	11.91206	7.58539	0.98887	0.00693	-0.05182	0.13218	img_machine_1__0_1624545929391.png
machine_1	1624545929504	168.05044	12.09781	7.7037	0.99009	0.00612	-0.05189	0.11675	img_machine_1__0_1624545929504.png
machine_1	1624545929617	169.15367	12.28357	7.82202	0.9913	0.00531	-0.05195	0.10131	img_machine_1__0_1624545929617.png
machine_1	1624545929730	170.25689	12.46932	7.94033	0.99252	0.0045	-0.05202	0.08588	img_machine_1__0_1624545929730.png
machine_1	1624545929843	171.36011	12.65508	8.05865	0.99373	0.00369	-0.05208	0.07045	img_machine_1__0_1624545929843.png
machine_1	1624545929956	172.46333	12.84083	8.17696	0.99495	0.00288	-0.05214	0.05502	img_machine_1__0_1624545929956.png
machine_1	1624545930069	173.56656	13.02659	8.29528	0.99616	0.00207	-0.05221	0.03959	img_machine_1__0_1624545930069.png
machine_1	1624545930182	174.66978	13.21234	8.41359	0.99738	0.00127	-0.05227	0.02415	img_machine_1__0_1624545930182.png
machine_1	1624545930298	175.773	13.3981	8.53191	0.998591	0.000457123	-0.0523343	0.00872196	img_machine_1__0_1624545930295769200.png
machine_1	1624545930406	176.85478	13.45242	8.57548	0.99864	0.00045	-0.04555	0.00291	img_machine_1__0_1624545930406.png
machine_1	1624545930514	177.93656	13.50674	8.61904	0.99868	0.00044	-0.03877	-0.00291	img_machine_1__0_1624545930514.png
machine_1	1624545930622	179.01833	13.56107	8.66261	0.99873	0.00043	-0.03198	-0.00872	img_machine_1__0_1624545930622.png
machine_1	1624545930730	180.10011	13.61539	8.70617	0.99878	0.00042	-0.0252	-0.01454	img_machine_1__0_1624545930730.png
machine_1	1624545930838	181.18189	13.66971	8.74974	0.99882	0.00041	-0.01842	-0.02035	img_machine_1__0_1624545930838.png
machine_1	1624545930946	182.26367	13.72403	8.7933	0.99887	0.00041	-0.01163	-0.02617	img_machine_1__0_1624545930946.png
machine_1	1624545931054	183.34544	13.77836	8.83687	0.99892	0.0004	-0.00485	-0.03198	img_machine_1__0_1624545931054.png
machine_1	1624545931162	184.42722	13.83268	8.88043	0.99896	0.00039	0.00193	-0.0378	img_machine_1__0_1624545931162.png
machine_1	1624545931278	185.509	13.887	8.924	0.999011	0.000380584	0.00871788	-0.0436098	img_machine_1__0_1624545931276389200.png
machine_1	1624545931389	186.53711	13.53414	9.09668	0.99449	-0.00277	-0.00344	-0.06829	img_machine_1__0_1624545931389.png
machine_1	1624545931500	187.56522	13.18129	9.26936	0.98998	-0.00591	-0.0156	-0.09298	img_machine_1__0_1624545931500.png
machine_1	1624545931611	188.59333	12.82843	9.44203	0.98546	-0.00906	-0.02776	-0.11766	img_machine_1__0_1624545931611.png
machine_1	1624545931722	189.62144	12.47558	9.61471	0.98094	-0.0122	-0.03992	-0.14235	img_machine_1__0_1624545931722.png
machine_1	1624545931833	190.64956	12.12272	9.78739	0.97642	-0.01535	-0.05208	-0.16703	img_machine_1__0_1624545931833.png
machine_1	1624545931944	191.67767	11.76987	9.96007	0.97191	-0.0185	-0.06425	-0.19171	img_machine_1__0_1624545931944.png
machine_1	1624545932055	192.70578	11.41701	10.13274	0.96739	-0.02164	-0.07641	-0.2164	img_machine_1__0_1624545932055.png
machine_1	1624545932166	193.73389	11.06416	10.30542	0.96287	-0.02479	-0.08857	-0.24108	img_machine_1__0_1624545932166.png
machine_1	1624545932282	194.762	10.7113	10.4781	0.958353	-0.0279333	-0.100727	-0.265767	img_machine_1__0_1624545932280136200.png
machine_1	1624545932393	195.33356	9.99672	10.60132	0.95689	-0.02388	-0.08679	-0.2724	img_machine_1__0_1624545932393.png
machine_1	1624545932504	195.90511	9.28213	10.72454	0.95543	-0.01983	-0.07284	-0.27903	img_machine_1__0_1624545932504.png
machine_1	1624545932615	196.47667	8.56755	10.84777	0.95397	-0.01578	-0.0589	-0.28566	img_machine_1__0_1624545932615.png
machine_1	1624545932726	197.04822	7.85297	10.97099	0.95251	-0.01173	-0.04496	-0.29229	img_machine_1__0_1624545932726.png
machine_1	1624545932837	197.61978	7.13838	11.09421	0.95104	-0.00768	-0.03102	-0.29892	img_machine_1__0_1624545932837.png
machine_1	1624545932948	198.19133	6.4238	11.21743	0.94958	-0.00363	-0.01708	-0.30555	img_machine_1__0_1624545932948.png
machine_1	1624545933059	198.76289	5.70922	11.34066	0.94812	0.00042	-0.00313	-0.31219	img_machine_1__0_1624545933059.png
machine_1	1624545933170	199.33444	4.99463	11.46388	0.94666	0.00447	0.01081	-0.31882	img_machine_1__0_1624545933170.png
machine_1	1624545933287	199.906	4.28005	11.5871	0.945198	0.00852204	0.0247504	-0.325448	img_machine_1__0_1624545933284787000.png
machine_1	1624545933399	199.02344	3.56787	11.57182	0.9457	0.00578	0.01647	-0.32357	img_machine_1__0_1624545933399.png
machine_1	1624545933511	198.14089	2.85568	11.55654	0.94621	0.00303	0.00819	-0.3217	img_machine_1__0_1624545933511.png
machine_1	1624545933623	197.25833	2.1435	11.54127	0.94672	0.00029	-9e-05	-0.31983	img_machine_1__0_1624545933623.png
machine_1	1624545933735	196.37578	1.43131	11.52599	0.94722	-0.00245	-0.00837	-0.31795	img_machine_1__0_1624545933735.png
machine_1	1624545933847	195.49322	0.71913	11.51071	0.94773	-0.0052	-0.01665	-0.31608	img_machine_1__0_1624545933847.png
machine_1	1624545933959	194.61067	0.00694	11.49543	0.94824	-0.00794	-0.02493	-0.3142	img_machine_1__0_1624545933959.png
machine_1	1624545934071	193.72811	-0.70524	11.48016	0.94874	-0.01068	-0.03321	-0.31233	img_machine_1__0_1624545934071.png
machine_1	1624545934183	192.84556	-1.41743	11.46488	0.94925	-0.01343	-0.04149	-0.31046	img_machine_1__0_1624545934183.png
machine_1	1624545934302	191.963	-2.12961	11.4496	0.949757	-0.0161721	-0.049775	-0.308582	img_machine_1__0_1624545934299162000.png
machine_1	1624545934413	191.87489	-2.31395	11.4496	0.95189	-0.01578	-0.04989	-0.30114	img_machine_1__0_1624545934413.png
machine_1	1624545934524	191.78678	-2.49829	11.4496	0.95403	-0.01539	-0.05	-0.29369	img_machine_1__0_1624545934524.png
machine_1	1624545934635	191.69867	-2.68263	11.4496	0.95616	-0.015	-0.05011	-0.28625	img_machine_1__0_1624545934635.png
machine_1	1624545934746	191.61056	-2.86697	11.4496	0.9583	-0.01461	-0.05022	-0.2788	img_machine_1__0_1624545934746.png
machine_1	1624545934857	191.52244	-3.05131	11.4496	0.96043	-0.01422	-0.05033	-0.27136	img_machine_1__0_1624545934857.png
machine_1	1624545934968	191.43433	-3.23565	11.4496	0.96256	-0.01383	-0.05045	-0.26391	img_machine_1__0_1624545934968.png
machine_1	1624545935079	191.34622	-3.41999	11.4496	0.9647	-0.01344	-0.05056	-0.25647	img_machine_1__0_1624545935079.png
machine_1	1624545935190	191.25811	-3.60433	11.4496	0.96683	-0.01305	-0.05067	-0.24902	img_machine_1__0_1624545935190.png
machine_1	1624545935301	191.17	-3.78867	11.4496	0.968969	-0.0126607	-0.0507818	-0.241579	img_machine_1__0_1624545935299479100.png
machine_1	1624545935410	191.59078	-2.77068	11.4496	0.96873	-0.01271	-0.05077	-0.24252	img_machine_1__0_1624545935410.png
machine_1	1624545935519	192.01156	-1.7527	11.4496	0.96849	-0.01276	-0.05076	-0.24346	img_machine_1__0_1624545935519.png
machine_1	1624545935628	192.43233	-0.73471	11.4496	0.96825	-0.01281	-0.05074	-0.24439	img_machine_1__0_1624545935628.png
machine_1	1624545935737	192.85311	0.28328	11.4496	0.96802	-0.01286	-0.05073	-0.24533	img_machine_1__0_1624545935737.png
machine_1	1624545935846	193.27389	1.30126	11.4496	0.96778	-0.01291	-0.05072	-0.24627	img_machine_1__0_1624545935846.png
machine_1	1624545935955	193.69467	2.31925	11.4496	0.96754	-0.01296	-0.05071	-0.24721	img_machine_1__0_1624545935955.png
machine_1	1624545936064	194.11544	3.33724	11.4496	0.9673	-0.013	-0.05069	-0.24815	img_machine_1__0_1624545936064.png
machine_1	1624545936173	194.53622	4.35522	11.4496	0.96706	-0.01305	-0.05068	-0.24908	img_machine_1__0_1624545936173.png
machine_1	1624545936285	194.957	5.37321	11.4496	0.966824	-0.0131032	-0.0506694	-0.250023	img_machine_1__0_1624545936282922500.png
machine_1	1624545936398	195.69633	6.17418	11.4496	0.95691	-0.01442	-0.05015	-0.27519	img_machine_1__0_1624545936398.png
machine_1	1624545936511	196.43567	6.97514	11.4496	0.947	-0.01574	-0.04963	-0.30035	img_machine_1__0_1624545936511.png
machine_1	1624545936624	197.175	7.77611	11.4496	0.93709	-0.01706	-0.04911	-0.32551	img_machine_1__0_1624545936624.png
machine_1	1624545936737	197.91433	8.57707	11.4496	0.92718	-0.01838	-0.04859	-0.35068	img_machine_1__0_1624545936737.png
machine_1	1624545936850	198.65367	9.37804	11.4496	0.91727	-0.0197	-0.04807	-0.37584	img_machine_1__0_1624545936850.png
machine_1	1624545936963	199.393	10.179	11.4496	0.90735	-0.02102	-0.04755	-0.401	img_machine_1__0_1624545936963.png
machine_1	1624545937076	200.13233	10.97997	11.4496	0.89744	-0.02233	-0.04703	-0.42617	img_machine_1__0_1624545937076.png
machine_1	1624545937189	200.87167	11.78093	11.4496	0.88753	-0.02365	-0.04651	-0.45133	img_machine_1__0_1624545937189.png
machine_1	1624545937310	201.611	12.5819	11.4496	0.87762	-0.024972	-0.0459944	-0.476492	img_machine_1__0_1624545937307736700.png
machine_1	1624545937422	202.66644	12.96296	11.4496	0.86257	-0.02609	-0.04521	-0.49779	img_machine_1__0_1624545937422.png
machine_1	1624545937534	203.72189	13.34401	11.4496	0.84751	-0.0272	-0.04442	-0.51909	img_machine_1__0_1624545937534.png
machine_1	1624545937646	204.77733	13.72507	11.4496	0.83246	-0.02832	-0.04363	-0.54039	img_machine_1__0_1624545937646.png
machine_1	1624545937758	205.83278	14.10612	11.4496	0.81741	-0.02944	-0.04284	-0.5617	img_machine_1__0_1624545937758.png
machine_1	1624545937870	206.88822	14.48718	11.4496	0.80235	-0.03055	-0.04205	-0.583	img_machine_1__0_1624545937870.png
machine_1	1624545937982	207.94367	14.86823	11.4496	0.7873	-0.03167	-0.04126	-0.6043	img_machine_1__0_1624545937982.png
machine_1	1624545938094	208.99911	15.24929	11.4496	0.77225	-0.03279	-0.04047	-0.6256	img_machine_1__0_1624545938094.png
machine_1	1624545938206	210.05456	15.63034	11.4496	0.75719	-0.0339	-0.03968	-0.6469	img_machine_1__0_1624545938206.png
machine_1	1624545938326	211.11	16.0114	11.4496	0.742138	-0.035019	-0.0388941	-0.6682	img_machine_1__0_1624545938324763300.png
machine_1	1624545938435	212.18933	15.88438	11.4496	0.72332	-0.03589	-0.03791	-0.68485	img_machine_1__0_1624545938435.png
machine_1	1624545938544	213.26867	15.75736	11.4496	0.70451	-0.03676	-0.03692	-0.70149	img_machine_1__0_1624545938544.png
machine_1	1624545938653	214.348	15.63033	11.4496	0.68569	-0.03764	-0.03594	-0.71814	img_machine_1__0_1624545938653.png
machine_1	1624545938762	215.42733	15.50331	11.4496	0.66688	-0.03851	-0.03495	-0.73479	img_machine_1__0_1624545938762.png
machine_1	1624545938871	216.50667	15.37629	11.4496	0.64806	-0.03938	-0.03396	-0.75143	img_machine_1__0_1624545938871.png
machine_1	1624545938980	217.586	15.24927	11.4496	0.62925	-0.04025	-0.03298	-0.76808	img_machine_1__0_1624545938980.png
machine_1	1624545939089	218.66533	15.12224	11.4496	0.61043	-0.04113	-0.03199	-0.78473	img_machine_1__0_1624545939089.png
machine_1	1624545939198	219.74467	14.99522	11.4496	0.59162	-0.042	-0.03101	-0.80137	img_machine_1__0_1624545939198.png
machine_1	1624545939312	220.824	14.8682	11.4496	0.572803	-0.0428708	-0.0300196	-0.81802	img_machine_1__0_1624545939310061900.png
machine_1	1624545939422	221.33156	13.74052	11.49944	0.55078	-0.03631	-0.02596	-0.83013	img_machine_1__0_1624545939422.png
machine_1	1624545939532	221.83911	12.61284	11.54929	0.52875	-0.02975	-0.0219	-0.84225	img_machine_1__0_1624545939532.png
machine_1	1624545939642	222.34667	11.48516	11.59913	0.50672	-0.02319	-0.01783	-0.85436	img_machine_1__0_1624545939642.png
machine_1	1624545939752	222.85422	10.35748	11.64898	0.4847	-0.01663	-0.01377	-0.86647	img_machine_1__0_1624545939752.png
machine_1	1624545939862	223.36178	9.22981	11.69882	0.46267	-0.01006	-0.00971	-0.87858	img_machine_1__0_1624545939862.png
machine_1	1624545939972	223.86933	8.10213	11.74867	0.44065	-0.0035	-0.00565	-0.8907	img_machine_1__0_1624545939972.png
machine_1	1624545940082	224.37689	6.97445	11.79851	0.41862	0.00306	-0.00159	-0.90281	img_machine_1__0_1624545940082.png
machine_1	1624545940192	224.88444	5.84677	11.84836	0.39659	0.00962	0.00248	-0.91492	img_machine_1__0_1624545940192.png
machine_1	1624545940310	225.392	4.71909	11.8982	0.374567	0.0161812	0.00653787	-0.927035	img_machine_1__0_1624545940308420800.png
machine_1	1624545940421	225.02289	3.16648	11.85849	0.35129	0.0163	0.00613	-0.9336	img_machine_1__0_1624545940421.png
machine_1	1624545940532	224.65378	1.61387	11.81878	0.32801	0.01641	0.00573	-0.94017	img_machine_1__0_1624545940532.png
machine_1	1624545940643	224.28467	0.06126	11.77907	0.30473	0.01653	0.00532	-0.94673	img_machine_1__0_1624545940643.png
machine_1	1624545940754	223.91556	-1.49135	11.73936	0.28144	0.01664	0.00491	-0.9533	img_machine_1__0_1624545940754.png
machine_1	1624545940865	223.54644	-3.04397	11.69964	0.25816	0.01675	0.00451	-0.95987	img_machine_1__0_1624545940865.png
machine_1	1624545940976	223.17733	-4.59658	11.65993	0.23488	0.01687	0.0041	-0.96643	img_machine_1__0_1624545940976.png
machine_1	1624545941087	222.80822	-6.14919	11.62022	0.2116	0.01698	0.00369	-0.973	img_machine_1__0_1624545941087.png
machine_1	1624545941198	222.43911	-7.7018	11.58051	0.18832	0.0171	0.00329	-0.97957	img_machine_1__0_1624545941198.png
machine_1	1624545941317	222.07	-9.25441	11.5408	0.165042	0.0172127	0.00288066	-0.986132	img_machine_1__0_1624545941314617200.png
machine_1	1624545941427	221.60322	-10.42598	11.51879	0.15058	0.01336	0.00263	-0.76554	img_machine_1__0_1624545941427.png
machine_1	1624545941537	221.13644	-11.59754	11.49678	0.13611	0.00951	0.00238	-0.54494	img_machine_1__0_1624545941537.png
machine_1	1624545941647	220.66967	-12.76911	11.47477	0.12165	0.00566	0.00212	-0.32434	img_machine_1__0_1624545941647.png
machine_1	1624545941757	220.20289	-13.94067	11.45276	0.10719	0.00181	0.00187	-0.10374	img_machine_1__0_1624545941757.png
machine_1	1624545941867	219.73611	-15.11224	11.43074	0.09272	-0.00204	0.00162	0.11685	img_machine_1__0_1624545941867.png
machine_1	1624545941977	219.26933	-16.2838	11.40873	0.07826	-0.00589	0.00137	0.33745	img_machine_1__0_1624545941977.png
machine_1	1624545942087	218.80256	-17.45537	11.38672	0.0638	-0.00974	0.00111	0.55805	img_machine_1__0_1624545942087.png
machine_1	1624545942197	218.33578	-18.62693	11.36471	0.04933	-0.01359	0.00086	0.77864	img_machine_1__0_1624545942197.png
machine_1	1624545942315	217.869	-19.7985	11.3427	0.0348689	-0.0174414	0.000608727	0.99924	img_machine_1__0_1624545942312223200.png
machine_1	1624545942428	216.75478	-19.67007	11.21449	0.04548	-0.02031	0.00117	0.99827	img_machine_1__0_1624545942428.png
machine_1	1624545942541	215.64056	-19.54163	11.08628	0.05609	-0.02318	0.00174	0.9973	img_machine_1__0_1624545942541.png
machine_1	1624545942654	214.52633	-19.4132	10.95807	0.06671	-0.02604	0.0023	0.99633	img_machine_1__0_1624545942654.png
machine_1	1624545942767	213.41211	-19.28477	10.82986	0.07732	-0.02891	0.00287	0.99536	img_machine_1__0_1624545942767.png
machine_1	1624545942880	212.29789	-19.15633	10.70164	0.08793	-0.03178	0.00343	0.99439	img_machine_1__0_1624545942880.png
machine_1	1624545942993	211.18367	-19.0279	10.57343	0.09854	-0.03464	0.004	0.99342	img_machine_1__0_1624545942993.png
machine_1	1624545943106	210.06944	-18.89947	10.44522	0.10916	-0.03751	0.00456	0.99245	img_machine_1__0_1624545943106.png
machine_1	1624545943219	208.95522	-18.77103	10.31701	0.11977	-0.04038	0.00513	0.99147	img_machine_1__0_1624545943219.png
machine_1	1624545943332	207.841	-18.6426	10.1888	0.130381	-0.0432457	0.00569259	0.990504	img_machine_1__0_1624545943329588200.png
machine_1	1624545943443	206.80178	-18.29948	10.0929	0.14086	-0.04316	0.00615	0.98861	img_machine_1__0_1624545943443.png
machine_1	1624545943554	205.76256	-17.95636	9.99701	0.15134	-0.04308	0.00661	0.98671	img_machine_1__0_1624545943554.png
machine_1	1624545943665	204.72333	-17.61323	9.90111	0.16183	-0.043	0.00707	0.98482	img_machine_1__0_1624545943665.png
machine_1	1624545943776	203.68411	-17.27011	9.80522	0.17231	-0.04291	0.00752	0.98292	img_machine_1__0_1624545943776.png
machine_1	1624545943887	202.64489	-16.92699	9.70932	0.18279	-0.04283	0.00798	0.98103	img_machine_1__0_1624545943887.png
machine_1	1624545943998	201.60567	-16.58387	9.61343	0.19327	-0.04275	0.00844	0.97913	img_machine_1__0_1624545943998.png
machine_1	1624545944109	200.56644	-16.24074	9.51753	0.20375	-0.04267	0.0089	0.97724	img_machine_1__0_1624545944109.png
machine_1	1624545944220	199.52722	-15.89762	9.42164	0.21424	-0.04258	0.00935	0.97534	img_machine_1__0_1624545944220.png
machine_1	1624545944335	198.488	-15.5545	9.32574	0.224717	-0.042501	0.00981129	0.973447	img_machine_1__0_1624545944333557100.png
machine_1	1624545944446	197.56967	-14.93954	9.27654	0.2313	-0.03964	0.00927	0.97181	img_machine_1__0_1624545944446.png
machine_1	1624545944557	196.65133	-14.32459	9.22734	0.23788	-0.03677	0.00873	0.97017	img_machine_1__0_1624545944557.png
machine_1	1624545944668	195.733	-13.70963	9.17813	0.24446	-0.03391	0.00819	0.96852	img_machine_1__0_1624545944668.png
machine_1	1624545944779	194.81467	-13.09468	9.12893	0.25104	-0.03105	0.00765	0.96688	img_machine_1__0_1624545944779.png
machine_1	1624545944890	193.89633	-12.47972	9.07973	0.25763	-0.02819	0.00711	0.96524	img_machine_1__0_1624545944890.png
machine_1	1624545945001	192.978	-11.86477	9.03053	0.26421	-0.02532	0.00657	0.9636	img_machine_1__0_1624545945001.png
machine_1	1624545945112	192.05967	-11.24981	8.98132	0.27079	-0.02246	0.00604	0.96196	img_machine_1__0_1624545945112.png
machine_1	1624545945223	191.14133	-10.63486	8.93212	0.27737	-0.0196	0.0055	0.96032	img_machine_1__0_1624545945223.png
machine_1	1624545945339	190.223	-10.0199	8.88292	0.283955	-0.0167331	0.00495636	0.958679	img_machine_1__0_1624545945337332800.png
machine_1	1624545945450	189.61611	-8.56797	8.84383	0.26305	-0.0168	0.00459	0.96274	img_machine_1__0_1624545945450.png
machine_1	1624545945561	189.00922	-7.11604	8.80475	0.24215	-0.01687	0.00423	0.9668	img_machine_1__0_1624545945561.png
machine_1	1624545945672	188.40233	-5.66411	8.76566	0.22124	-0.01695	0.00386	0.97087	img_machine_1__0_1624545945672.png
machine_1	1624545945783	187.79544	-4.21218	8.72658	0.20034	-0.01702	0.0035	0.97493	img_machine_1__0_1624545945783.png
machine_1	1624545945894	187.18856	-2.76024	8.68749	0.17943	-0.01709	0.00313	0.97899	img_machine_1__0_1624545945894.png
machine_1	1624545946005	186.58167	-1.30831	8.64841	0.15853	-0.01716	0.00277	0.98306	img_machine_1__0_1624545946005.png
machine_1	1624545946116	185.97478	0.14362	8.60932	0.13763	-0.01723	0.0024	0.98712	img_machine_1__0_1624545946116.png
machine_1	1624545946227	185.36789	1.59555	8.57024	0.11672	-0.0173	0.00204	0.99118	img_machine_1__0_1624545946227.png
machine_1	1624545946340	184.761	3.04748	8.53115	0.0958166	-0.0173714	0.00167253	0.995246	img_machine_1__0_1624545946337041900.png
machine_1	1624545946451	183.67589	3.35854	8.49186	0.08808	-0.01738	0.00154	0.99572	img_machine_1__0_1624545946451.png
machine_1	1624545946562	182.59078	3.6696	8.45256	0.08034	-0.01739	0.0014	0.99619	img_machine_1__0_1624545946562.png
machine_1	1624545946673	181.50567	3.98066	8.41327	0.0726	-0.0174	0.00127	0.99667	img_machine_1__0_1624545946673.png
machine_1	1624545946784	180.42056	4.29172	8.37397	0.06486	-0.0174	0.00113	0.99714	img_machine_1__0_1624545946784.png
machine_1	1624545946895	179.33544	4.60279	8.33468	0.05712	-0.01741	0.001	0.99761	img_machine_1__0_1624545946895.png
machine_1	1624545947006	178.25033	4.91385	8.29538	0.04938	-0.01742	0.00086	0.99809	img_machine_1__0_1624545947006.png
machine_1	1624545947117	177.16522	5.22491	8.25609	0.04164	-0.01743	0.00073	0.99856	img_machine_1__0_1624545947117.png
machine_1	1624545947228	176.08011	5.53597	8.21679	0.0339	-0.01744	0.00059	0.99903	img_machine_1__0_1624545947228.png
machine_1	1624545947344	174.995	5.84703	8.1775	0.0261608	-0.0174457	0.000456731	0.999505	img_machine_1__0_1624545947341472000.png
machine_1	1624545947455	173.87867	5.8838	8.11672	0.02326	-0.01066	0.00041	0.77744	img_machine_1__0_1624545947455.png
machine_1	1624545947566	172.76233	5.92057	8.05593	0.02035	-0.00388	0.00036	0.55538	img_machine_1__0_1624545947566.png
machine_1	1624545947677	171.646	5.95734	7.99515	0.01744	0.00291	0.0003	0.33332	img_machine_1__0_1624545947677.png
machine_1	1624545947788	170.52967	5.99411	7.93437	0.01454	0.00969	0.00025	0.11126	img_machine_1__0_1624545947788.png
machine_1	1624545947899	169.41333	6.03087	7.87358	0.01163	0.01648	0.0002	-0.1108	img_machine_1__0_1624545947899.png
machine_1	1624545948010	168.297	6.06764	7.8128	0.00873	0.02326	0.00015	-0.33286	img_machine_1__0_1624545948010.png
machine_1	1624545948121	167.18067	6.10441	7.75202	0.00582	0.03005	0.0001	-0.55493	img_machine_1__0_1624545948121.png
machine_1	1624545948232	166.06433	6.14118	7.69123	0.00292	0.03683	5e-05	-0.77699	img_machine_1__0_1624545948232.png
machine_1	1624545948350	164.948	6.17795	7.63045	1.22025e-05	0.0436185	4.22883e-07	-0.999048	img_machine_1__0_1624545948348046500.png
machine_1	1624545948459	163.86156	6.17792	7.5354	1e-05	0.04362	0.0	-0.99905	img_machine_1__0_1624545948459.png
machine_1	1624545948568	162.77511	6.1779	7.44035	1e-05	0.04362	0.0	-0.99905	img_machine_1__0_1624545948568.png
machine_1	1624545948677	161.68867	6.17787	7.34531	1e-05	0.04362	0.0	-0.99905	img_machine_1__0_1624545948677.png
machine_1	1624545948786	160.60222	6.17784	7.25026	1e-05	0.04362	0.0	-0.99905	img_machine_1__0_1624545948786.png
machine_1	1624545948895	159.51578	6.17782	7.15521	1e-05	0.04362	0.0	-0.99905	img_machine_1__0_1624545948895.png
machine_1	1624545949004	158.42933	6.17779	7.06016	1e-05	0.04362	0.0	-0.99905	img_machine_1__0_1624545949004.png
machine_1	1624545949113	157.34289	6.17776	6.96512	1e-05	0.04362	0.0	-0.99905	img_machine_1__0_1624545949113.png
machine_1	1624545949222	156.25644	6.17774	6.87007	1e-05	0.04362	0.0	-0.99905	img_machine_1__0_1624545949222.png
machine_1	1624545949332	155.17	6.17771	6.77502	1.22025e-05	0.0436185	4.22883e-07	-0.999048	img_machine_1__0_1624545949329442100.png
machine_1	1624545949444	154.07156	6.17768	6.67892	1e-05	0.04362	0.0	-0.99905	img_machine_1__0_1624545949444.png
machine_1	1624545949556	152.97311	6.17766	6.58281	1e-05	0.04362	0.0	-0.99905	img_machine_1__0_1624545949556.png
machine_1	1624545949668	151.87467	6.17763	6.48671	1e-05	0.04362	0.0	-0.99905	img_machine_1__0_1624545949668.png
machine_1	1624545949780	150.77622	6.1776	6.39061	1e-05	0.04362	0.0	-0.99905	img_machine_1__0_1624545949780.png
machine_1	1624545949892	149.67778	6.17758	6.2945	1e-05	0.04362	0.0	-0.99905	img_machine_1__0_1624545949892.png
machine_1	1624545950004	148.57933	6.17755	6.1984	1e-05	0.04362	0.0	-0.99905	img_machine_1__0_1624545950004.png
machine_1	1624545950116	147.48089	6.17752	6.1023	1e-05	0.04362	0.0	-0.99905	img_machine_1__0_1624545950116.png
machine_1	1624545950228	146.38244	6.1775	6.00619	1e-05	0.04362	0.0	-0.99905	img_machine_1__0_1624545950228.png
machine_1	1624545950340	145.284	6.17747	5.91009	1.22025e-05	0.0436185	4.22883e-07	-0.999048	img_machine_1__0_1624545950338316900.png
machine_1	1624545950450	144.18456	6.1646	5.81388	0.00292	0.04362	0.00013	-0.99901	img_machine_1__0_1624545950450.png
machine_1	1624545950560	143.08511	6.15172	5.71767	0.00582	0.04362	0.00025	-0.99897	img_machine_1__0_1624545950560.png
machine_1	1624545950670	141.98567	6.13885	5.62146	0.00873	0.04361	0.00038	-0.99893	img_machine_1__0_1624545950670.png
machine_1	1624545950780	140.88622	6.12598	5.52525	0.01164	0.04361	0.00051	-0.9989	img_machine_1__0_1624545950780.png
machine_1	1624545950890	139.78678	6.1131	5.42903	0.01454	0.04361	0.00063	-0.99886	img_machine_1__0_1624545950890.png
machine_1	1624545951000	138.68733	6.10023	5.33282	0.01745	0.04361	0.00076	-0.99882	img_machine_1__0_1624545951000.png
machine_1	1624545951110	137.58789	6.08736	5.23661	0.02035	0.04361	0.00089	-0.99878	img_machine_1__0_1624545951110.png
machine_1	1624545951220	136.48844	6.07448	5.1404	0.02326	0.04361	0.00102	-0.99874	img_machine_1__0_1624545951220.png
machine_1	1624545951336	135.389	6.06161	5.04419	0.0261642	0.0436035	0.00114222	-0.998705	img_machine_1__0_1624545951333931600.png
machine_1	1624545951448	134.275	5.96917	4.94636	0.031	0.04359	0.00135	-0.99847	img_machine_1__0_1624545951448.png
machine_1	1624545951560	133.161	5.87672	4.84854	0.03584	0.04358	0.00156	-0.99824	img_machine_1__0_1624545951560.png
machine_1	1624545951672	132.047	5.78428	4.75071	0.04068	0.04357	0.00178	-0.99801	img_machine_1__0_1624545951672.png
machine_1	1624545951784	130.933	5.69184	4.65289	0.04551	0.04356	0.00199	-0.99778	img_machine_1__0_1624545951784.png
machine_1	1624545951896	129.819	5.59939	4.55506	0.05035	0.04355	0.0022	-0.99754	img_machine_1__0_1624545951896.png
machine_1	1624545952008	128.705	5.50695	4.45724	0.05519	0.04354	0.00241	-0.99731	img_machine_1__0_1624545952008.png
machine_1	1624545952120	127.591	5.41451	4.35941	0.06003	0.04353	0.00262	-0.99708	img_machine_1__0_1624545952120.png
machine_1	1624545952232	126.477	5.32206	4.26159	0.06487	0.04352	0.00283	-0.99685	img_machine_1__0_1624545952232.png
machine_1	1624545952344	125.363	5.22962	4.16376	0.0697028	0.0435122	0.00304312	-0.996614	img_machine_1__0_1624545952342303200.png
machine_1	1624545952451	124.30022	5.08022	4.05458	0.0697	0.04544	0.00318	-0.99651	img_machine_1__0_1624545952451.png
machine_1	1624545952558	123.23744	4.93082	3.94539	0.06969	0.04738	0.00331	-0.99641	img_machine_1__0_1624545952558.png
machine_1	1624545952665	122.17467	4.78142	3.83621	0.06968	0.04931	0.00345	-0.99631	img_machine_1__0_1624545952665.png
machine_1	1624545952772	121.11189	4.63202	3.72703	0.06967	0.05124	0.00358	-0.99621	img_machine_1__0_1624545952772.png
machine_1	1624545952879	120.04911	4.48262	3.61784	0.06967	0.05317	0.00372	-0.99611	img_machine_1__0_1624545952879.png
machine_1	1624545952986	118.98633	4.33322	3.50866	0.06966	0.0551	0.00385	-0.99601	img_machine_1__0_1624545952986.png
machine_1	1624545953093	117.92356	4.18382	3.39948	0.06965	0.05704	0.00399	-0.99591	img_machine_1__0_1624545953093.png
machine_1	1624545953200	116.86078	4.03442	3.29029	0.06965	0.05897	0.00412	-0.9958	img_machine_1__0_1624545953200.png
machine_1	1624545953307	115.798	3.88502	3.18111	0.0696396	0.0608988	0.00425916	-0.995703	img_machine_1__0_1624545953305105300.png
machine_1	1624545953419	114.69411	3.7632	3.04957	0.06772	0.05704	0.00394	-0.99599	img_machine_1__0_1624545953419.png
machine_1	1624545953531	113.59022	3.64138	2.91804	0.06579	0.05317	0.00362	-0.99628	img_machine_1__0_1624545953531.png
machine_1	1624545953643	112.48633	3.51956	2.7865	0.06387	0.04931	0.0033	-0.99656	img_machine_1__0_1624545953643.png
machine_1	1624545953755	111.38244	3.39774	2.65497	0.06195	0.04545	0.00298	-0.99685	img_machine_1__0_1624545953755.png
machine_1	1624545953867	110.27856	3.27592	2.52343	0.06002	0.04159	0.00265	-0.99714	img_machine_1__0_1624545953867.png
machine_1	1624545953979	109.17467	3.1541	2.3919	0.0581	0.03773	0.00233	-0.99743	img_machine_1__0_1624545953979.png
machine_1	1624545954091	108.07078	3.03228	2.26036	0.05618	0.03386	0.00201	-0.99771	img_machine_1__0_1624545954091.png
machine_1	1624545954203	106.96689	2.91046	2.12883	0.05426	0.03	0.00169	-0.998	img_machine_1__0_1624545954203.png
machine_1	1624545954321	105.863	2.78864	1.99729	0.0523321	0.0261402	0.00137021	-0.998287	img_machine_1__0_1624545954318165800.png
machine_1	1624545954432	104.743	2.67089	1.9572	0.05233	0.02517	0.00132	-0.99831	img_machine_1__0_1624545954432.png
machine_1	1624545954543	103.623	2.55314	1.91712	0.05233	0.0242	0.00127	-0.99833	img_machine_1__0_1624545954543.png
machine_1	1624545954654	102.503	2.4354	1.87703	0.05234	0.02324	0.00122	-0.99835	img_machine_1__0_1624545954654.png
machine_1	1624545954765	101.383	2.31765	1.83694	0.05234	0.02227	0.00117	-0.99837	img_machine_1__0_1624545954765.png
machine_1	1624545954876	100.263	2.1999	1.79686	0.05234	0.0213	0.00112	-0.99839	img_machine_1__0_1624545954876.png
machine_1	1624545954987	99.143	2.08215	1.75677	0.05234	0.02033	0.00107	-0.99841	img_machine_1__0_1624545954987.png
machine_1	1624545955098	98.023	1.96441	1.71668	0.05234	0.01936	0.00101	-0.99843	img_machine_1__0_1624545955098.png
machine_1	1624545955209	96.903	1.84666	1.6766	0.05234	0.0184	0.00096	-0.99846	img_machine_1__0_1624545955209.png
machine_1	1624545955321	95.783	1.72891	1.63651	0.0523421	0.0174276	0.000913477	-0.998477	img_machine_1__0_1624545955318943700.png
machine_1	1624545955430	94.70469	1.61728	1.63306	0.05137	0.01452	0.00077	-0.99854	img_machine_1__0_1624545955430.png
machine_1	1624545955539	93.62638	1.50566	1.62961	0.05041	0.01162	0.00063	-0.9986	img_machine_1__0_1624545955539.png
machine_1	1624545955648	92.54807	1.39403	1.62617	0.04944	0.00871	0.00048	-0.99865	img_machine_1__0_1624545955648.png
machine_1	1624545955757	91.46976	1.28241	1.62272	0.04847	0.00581	0.00034	-0.99871	img_machine_1__0_1624545955757.png
machine_1	1624545955866	90.39144	1.17078	1.61927	0.0475	0.0029	0.00019	-0.99877	img_machine_1__0_1624545955866.png
machine_1	1624545955975	89.31313	1.05916	1.61582	0.04654	0.0	5e-05	-0.99883	img_machine_1__0_1624545955975.png
machine_1	1624545956084	88.23482	0.94753	1.61238	0.04557	-0.00291	-9e-05	-0.99889	img_machine_1__0_1624545956084.png
machine_1	1624545956193	87.15651	0.8359	1.60893	0.0446	-0.00581	-0.00024	-0.99895	img_machine_1__0_1624545956193.png
machine_1	1624545956305	86.0782	0.724278	1.60548	0.0436321	-0.008719	-0.000380917	-0.999009	img_machine_1__0_1624545956303673000.png
machine_1	1624545956415	84.97384	0.61399	1.6119	0.0446	-0.00678	-0.00029	-0.99896	img_machine_1__0_1624545956415.png
machine_1	1624545956525	83.86949	0.5037	1.61833	0.04557	-0.00485	-0.00019	-0.99892	img_machine_1__0_1624545956525.png
machine_1	1624545956635	82.76513	0.39341	1.62475	0.04654	-0.00291	-0.0001	-0.99887	img_machine_1__0_1624545956635.png
machine_1	1624545956745	81.66078	0.28312	1.63118	0.04751	-0.00097	-1e-05	-0.99882	img_machine_1__0_1624545956745.png
machine_1	1624545956855	80.55642	0.17283	1.6376	0.04847	0.00097	8e-05	-0.99878	img_machine_1__0_1624545956855.png
machine_1	1624545956965	79.45207	0.06254	1.64403	0.04944	0.0029	0.00018	-0.99873	img_machine_1__0_1624545956965.png
machine_1	1624545957075	78.34771	-0.04775	1.65045	0.05041	0.00484	0.00027	-0.99868	img_machine_1__0_1624545957075.png
machine_1	1624545957185	77.24336	-0.15804	1.65688	0.05138	0.00678	0.00036	-0.99864	img_machine_1__0_1624545957185.png
machine_1	1624545957301	76.139	-0.268331	1.6633	0.0523491	0.00871369	0.000456686	-0.998591	img_machine_1__0_1624545957298129200.png
machine_1	1624545957414	75.02716	-0.38523	1.64379	0.05235	0.00871	0.00046	-0.99859	img_machine_1__0_1624545957414.png
machine_1	1624545957527	73.91531	-0.50212	1.62428	0.05235	0.00871	0.00046	-0.99859	img_machine_1__0_1624545957527.png
machine_1	1624545957640	72.80347	-0.61901	1.60476	0.05235	0.00871	0.00046	-0.99859	img_machine_1__0_1624545957640.png
machine_1	1624545957753	71.69162	-0.73591	1.58525	0.05235	0.00871	0.00046	-0.99859	img_machine_1__0_1624545957753.png
machine_1	1624545957866	70.57978	-0.8528	1.56574	0.05235	0.00871	0.00046	-0.99859	img_machine_1__0_1624545957866.png
machine_1	1624545957979	69.46793	-0.9697	1.54623	0.05235	0.00871	0.00046	-0.99859	img_machine_1__0_1624545957979.png
machine_1	1624545958092	68.35609	-1.08659	1.52671	0.05235	0.00871	0.00046	-0.99859	img_machine_1__0_1624545958092.png
machine_1	1624545958205	67.24424	-1.20349	1.5072	0.05235	0.00871	0.00046	-0.99859	img_machine_1__0_1624545958205.png
machine_1	1624545958321	66.1324	-1.32038	1.48769	0.0523491	0.00871369	0.000456686	-0.998591	img_machine_1__0_1624545958315622200.png
machine_1	1624545958432	65.0125	-1.41225	1.46808	0.05041	0.00871	0.00044	-0.99868	img_machine_1__0_1624545958432.png
machine_1	1624545958543	63.8926	-1.50411	1.44846	0.04847	0.00872	0.00042	-0.99876	img_machine_1__0_1624545958543.png
machine_1	1624545958654	62.7727	-1.59598	1.42885	0.04654	0.00872	0.00041	-0.99884	img_machine_1__0_1624545958654.png
machine_1	1624545958765	61.6528	-1.68785	1.40923	0.0446	0.00872	0.00039	-0.99893	img_machine_1__0_1624545958765.png
machine_1	1624545958876	60.5329	-1.77971	1.38962	0.04266	0.00872	0.00037	-0.99901	img_machine_1__0_1624545958876.png
machine_1	1624545958987	59.413	-1.87158	1.37	0.04073	0.00872	0.00036	-0.9991	img_machine_1__0_1624545958987.png
machine_1	1624545959098	58.2931	-1.96345	1.35039	0.03879	0.00872	0.00034	-0.99918	img_machine_1__0_1624545959098.png
machine_1	1624545959209	57.1732	-2.05531	1.33077	0.03685	0.00872	0.00032	-0.99927	img_machine_1__0_1624545959209.png
machine_1	1624545959325	56.0533	-2.14718	1.31116	0.0349139	0.00872033	0.000304547	-0.999352	img_machine_1__0_1624545959323386000.png
machine_1	1624545959439	54.92963	-2.19436	1.29153	0.03297	0.00678	0.00029	-0.77722	img_machine_1__0_1624545959439.png
machine_1	1624545959553	53.80597	-2.24154	1.27189	0.03103	0.00484	0.00027	-0.55509	img_machine_1__0_1624545959553.png
machine_1	1624545959667	52.6823	-2.28872	1.25226	0.02909	0.00291	0.00025	-0.33296	img_machine_1__0_1624545959667.png
machine_1	1624545959781	51.55863	-2.3359	1.23263	0.02715	0.00097	0.00024	-0.11084	img_machine_1__0_1624545959781.png
machine_1	1624545959895	50.43497	-2.38309	1.21299	0.0252	-0.00097	0.00022	0.11129	img_machine_1__0_1624545959895.png
machine_1	1624545960009	49.3113	-2.43027	1.19336	0.02326	-0.00291	0.0002	0.33342	img_machine_1__0_1624545960009.png
machine_1	1624545960123	48.18763	-2.47745	1.17373	0.02132	-0.00485	0.00019	0.55555	img_machine_1__0_1624545960123.png
machine_1	1624545960237	47.06397	-2.52463	1.15409	0.01938	-0.00679	0.00017	0.77768	img_machine_1__0_1624545960237.png
machine_1	1624545960351	45.9403	-2.57181	1.13446	0.0174355	-0.00872432	0.000152253	0.99981	img_machine_1__0_1624545960349036800.png
machine_1	1624545960462	44.80927	-2.49584	1.11466	0.02131	-0.00872	0.00019	0.99967	img_machine_1__0_1624545960462.png
machine_1	1624545960573	43.67823	-2.41987	1.09487	0.02519	-0.00872	0.00022	0.99954	img_machine_1__0_1624545960573.png
machine_1	1624545960684	42.5472	-2.3439	1.07507	0.02906	-0.00872	0.00025	0.9994	img_machine_1__0_1624545960684.png
machine_1	1624545960795	41.41617	-2.26793	1.05528	0.03294	-0.00872	0.00029	0.99927	img_machine_1__0_1624545960795.png
machine_1	1624545960906	40.28513	-2.19197	1.03548	0.03681	-0.00872	0.00032	0.99913	img_machine_1__0_1624545960906.png
machine_1	1624545961017	39.1541	-2.116	1.01569	0.04069	-0.00872	0.00036	0.999	img_machine_1__0_1624545961017.png
machine_1	1624545961128	38.02307	-2.04003	0.99589	0.04457	-0.00872	0.00039	0.99886	img_machine_1__0_1624545961128.png
machine_1	1624545961239	36.89203	-1.96406	0.97609	0.04844	-0.00871	0.00042	0.99873	img_machine_1__0_1624545961239.png
machine_1	1624545961354	35.761	-1.88809	0.956299	0.0523178	-0.0087137	0.000456636	0.998592	img_machine_1__0_1624545961351561100.png
machine_1	1624545961466	34.64931	-1.78544	0.93681	0.04941	-0.00871	0.00043	0.99871	img_machine_1__0_1624545961466.png
machine_1	1624545961578	33.53762	-1.68279	0.91732	0.04651	-0.00872	0.00041	0.99882	img_machine_1__0_1624545961578.png
machine_1	1624545961690	32.42593	-1.58014	0.89783	0.0436	-0.00872	0.00038	0.99893	img_machine_1__0_1624545961690.png
machine_1	1624545961802	31.31424	-1.47749	0.87834	0.04069	-0.00872	0.00036	0.99905	img_machine_1__0_1624545961802.png
machine_1	1624545961914	30.20256	-1.37484	0.85885	0.03779	-0.00872	0.00033	0.99916	img_machine_1__0_1624545961914.png
machine_1	1624545962026	29.09087	-1.27219	0.83936	0.03488	-0.00872	0.0003	0.99928	img_machine_1__0_1624545962026.png
machine_1	1624545962138	27.97918	-1.16954	0.81987	0.03197	-0.00872	0.00028	0.99939	img_machine_1__0_1624545962138.png
machine_1	1624545962250	26.86749	-1.06689	0.80038	0.02907	-0.00872	0.00025	0.99951	img_machine_1__0_1624545962250.png
machine_1	1624545962365	25.7558	-0.964236	0.780894	0.0261604	-0.00872266	0.000228387	0.99962	img_machine_1__0_1624545962363228000.png
machine_1	1624545962698	23.19078	-1.56901	0.73245	0.05014	-0.00681	0.00044	0.78075	img_machine_1__0_1624545962698.png
machine_1	1624545963031	20.62577	-2.17378	0.684	0.07411	-0.0049	0.00065	0.56187	img_machine_1__0_1624545963031.png
machine_1	1624545963364	18.06075	-2.77855	0.63556	0.09808	-0.00299	0.00086	0.343	img_machine_1__0_1624545963364.png
machine_1	1624545963697	15.49574	-3.38332	0.58711	0.12206	-0.00108	0.00107	0.12412	img_machine_1__0_1624545963697.png
machine_1	1624545964030	12.93072	-3.98809	0.53867	0.14603	0.00083	0.00127	-0.09475	img_machine_1__0_1624545964030.png
machine_1	1624545964363	10.36571	-4.59287	0.49022	0.17001	0.00274	0.00148	-0.31363	img_machine_1__0_1624545964363.png
machine_1	1624545964696	7.80069	-5.19764	0.44178	0.19398	0.00465	0.00169	-0.5325	img_machine_1__0_1624545964696.png
machine_1	1624545965029	5.23568	-5.80241	0.39333	0.21796	0.00656	0.0019	-0.75138	img_machine_1__0_1624545965029.png
machine_1	1624545965368	2.67066	-6.40718	0.34489	0.241933	0.00846645	0.00211099	-0.970254	img_machine_1__0_1624545963374783600.png
machine_1	1624545965400	2.36638	-6.57897	0.33879	0.24661	0.00846	0.00215	-0.96898	img_machine_1__0_1624545965400.png
machine_1	1624545965432	2.06211	-6.75076	0.33269	0.25129	0.00844	0.00219	-0.9677	img_machine_1__0_1624545965432.png
machine_1	1624545965464	1.75783	-6.92256	0.32659	0.25596	0.00843	0.00223	-0.96643	img_machine_1__0_1624545965464.png
machine_1	1624545965496	1.45355	-7.09435	0.32049	0.26064	0.00842	0.00227	-0.96515	img_machine_1__0_1624545965496.png
machine_1	1624545965528	1.14927	-7.26614	0.31439	0.26532	0.00841	0.00232	-0.96388	img_machine_1__0_1624545965528.png
machine_1	1624545965560	0.845	-7.43793	0.30829	0.27	0.0084	0.00236	-0.9626	img_machine_1__0_1624545965560.png
machine_1	1624545965592	0.54072	-7.60973	0.30219	0.27467	0.00839	0.0024	-0.96133	img_machine_1__0_1624545965592.png
machine_1	1624545965624	0.23644	-7.78152	0.29608	0.27935	0.00838	0.00244	-0.96005	img_machine_1__0_1624545965624.png
machine_1	1624545965662	-0.0678342	-7.95331	0.289984	0.284026	0.0083663	0.0024783	-0.958777	img_machine_1__0_1624545965658820100.png
machine_1	1624545965770	-0.32048	-8.24	0.19476	0.30222	0.02378	0.01053	-0.94989	img_machine_1__0_1624545965770.png
machine_1	1624545965878	-0.57313	-8.52669	0.09954	0.32042	0.03919	0.01858	-0.941	img_machine_1__0_1624545965878.png
machine_1	1624545965986	-0.82577	-8.81337	0.00432	0.33861	0.0546	0.02663	-0.93211	img_machine_1__0_1624545965986.png
machine_1	1624545966094	-1.07842	-9.10006	-0.09091	0.35681	0.07001	0.03468	-0.92322	img_machine_1__0_1624545966094.png
machine_1	1624545966202	-1.33107	-9.38675	-0.18613	0.375	0.08542	0.04273	-0.91433	img_machine_1__0_1624545966202.png
machine_1	1624545966310	-1.58371	-9.67344	-0.28135	0.3932	0.10083	0.05078	-0.90544	img_machine_1__0_1624545966310.png
machine_1	1624545966418	-1.83636	-9.96012	-0.37657	0.4114	0.11624	0.05883	-0.89655	img_machine_1__0_1624545966418.png
machine_1	1624545966526	-2.089	-10.24681	-0.4718	0.42959	0.13165	0.06688	-0.88766	img_machine_1__0_1624545966526.png
machine_1	1624545966638	-2.34165	-10.5335	-0.567019	0.447787	0.147055	0.0749331	-0.878775	img_machine_1__0_1624545966636810600.png
machine_1	1624545966751	-3.03526	-11.37354	-0.94335	0.43462	0.148	0.07273	-0.88443	img_machine_1__0_1624545966751.png
machine_1	1624545966864	-3.72887	-12.21359	-1.31969	0.42145	0.14895	0.07053	-0.89009	img_machine_1__0_1624545966864.png
machine_1	1624545966977	-4.42249	-13.05363	-1.69602	0.40828	0.1499	0.06832	-0.89575	img_machine_1__0_1624545966977.png
machine_1	1624545967090	-5.1161	-13.89368	-2.07235	0.39511	0.15084	0.06612	-0.90141	img_machine_1__0_1624545967090.png
machine_1	1624545967203	-5.80971	-14.73372	-2.44869	0.38194	0.15179	0.06391	-0.90707	img_machine_1__0_1624545967203.png
machine_1	1624545967316	-6.50332	-15.57377	-2.82502	0.36877	0.15274	0.06171	-0.91273	img_machine_1__0_1624545967316.png
machine_1	1624545967429	-7.19694	-16.41381	-3.20135	0.3556	0.15368	0.05951	-0.91839	img_machine_1__0_1624545967429.png
machine_1	1624545967542	-7.89055	-17.25386	-3.57769	0.34243	0.15463	0.0573	-0.92405	img_machine_1__0_1624545967542.png
machine_1	1624545967660	-8.58416	-18.0939	-3.95402	0.329255	0.155578	0.0550977	-0.929705	img_machine_1__0_1624545967658086900.png
machine_1	1624545967769	-9.48862	-18.53758	-4.28637	0.30518	0.14983	0.05029	-0.9362	img_machine_1__0_1624545967769.png
machine_1	1624545967878	-10.39308	-18.98126	-4.61872	0.28111	0.14408	0.04548	-0.94269	img_machine_1__0_1624545967878.png
machine_1	1624545967987	-11.29754	-19.42493	-4.95107	0.25704	0.13834	0.04068	-0.94918	img_machine_1__0_1624545967987.png
machine_1	1624545968096	-12.202	-19.86861	-5.28342	0.23297	0.13259	0.03587	-0.95567	img_machine_1__0_1624545968096.png
machine_1	1624545968205	-13.10646	-20.31229	-5.61576	0.2089	0.12684	0.03106	-0.96216	img_machine_1__0_1624545968205.png
machine_1	1624545968314	-14.01092	-20.75597	-5.94811	0.18483	0.1211	0.02626	-0.96865	img_machine_1__0_1624545968314.png
machine_1	1624545968423	-14.91538	-21.19964	-6.28046	0.16076	0.11535	0.02145	-0.97514	img_machine_1__0_1624545968423.png
machine_1	1624545968532	-15.81984	-21.64332	-6.61281	0.13669	0.1096	0.01664	-0.98163	img_machine_1__0_1624545968532.png
machine_1	1624545968643	-16.7243	-22.087	-6.94516	0.112614	0.103854	0.0118357	-0.988126	img_machine_1__0_1624545968641204600.png
machine_1	1624545968756	-17.83547	-22.09253	-7.14505	0.11263	0.08269	0.01162	-0.76836	img_machine_1__0_1624545968756.png
machine_1	1624545968869	-18.94663	-22.09807	-7.34494	0.11264	0.06153	0.0114	-0.54859	img_machine_1__0_1624545968869.png
machine_1	1624545968982	-20.0578	-22.1036	-7.54483	0.11266	0.04037	0.01118	-0.32882	img_machine_1__0_1624545968982.png
machine_1	1624545969095	-21.16897	-22.10913	-7.74472	0.11267	0.01921	0.01096	-0.10905	img_machine_1__0_1624545969095.png
machine_1	1624545969208	-22.28013	-22.11467	-7.94462	0.11269	-0.00195	0.01074	0.11072	img_machine_1__0_1624545969208.png
machine_1	1624545969321	-23.3913	-22.1202	-8.14451	0.1127	-0.02311	0.01052	0.33049	img_machine_1__0_1624545969321.png
machine_1	1624545969434	-24.50247	-22.12573	-8.3444	0.11271	-0.04427	0.0103	0.55026	img_machine_1__0_1624545969434.png
machine_1	1624545969547	-25.61363	-22.13127	-8.54429	0.11273	-0.06543	0.01008	0.77003	img_machine_1__0_1624545969547.png
machine_1	1624545969667	-26.7248	-22.1368	-8.74418	0.112742	-0.0865937	0.0098636	0.989795	img_machine_1__0_1624545969664882700.png
machine_1	1624545969778	-27.05847	-22.03754	-8.80077	0.13547	-0.07789	0.00908	0.98518	img_machine_1__0_1624545969778.png
machine_1	1624545969889	-27.39213	-21.93829	-8.85736	0.15819	-0.06919	0.00829	0.98057	img_machine_1__0_1624545969889.png
machine_1	1624545970000	-27.7258	-21.83903	-8.91395	0.18092	-0.06049	0.0075	0.97596	img_machine_1__0_1624545970000.png
machine_1	1624545970111	-28.05947	-21.73978	-8.97054	0.20364	-0.05178	0.00671	0.97135	img_machine_1__0_1624545970111.png
machine_1	1624545970222	-28.39313	-21.64052	-9.02713	0.22637	-0.04308	0.00592	0.96674	img_machine_1__0_1624545970222.png
machine_1	1624545970333	-28.7268	-21.54127	-9.08372	0.24909	-0.03438	0.00513	0.96213	img_machine_1__0_1624545970333.png
machine_1	1624545970444	-29.06047	-21.44201	-9.14031	0.27182	-0.02568	0.00434	0.95752	img_machine_1__0_1624545970444.png
machine_1	1624545970555	-29.39413	-21.34276	-9.1969	0.29454	-0.01698	0.00356	0.95291	img_machine_1__0_1624545970555.png
machine_1	1624545970666	-29.7278	-21.2435	-9.25349	0.317266	-0.00827322	0.00276817	0.948296	img_machine_1__0_1624545970664524700.png
machine_1	1624545970778	-30.18842	-20.7589	-9.25261	0.33731	0.00187	-0.00286	0.93871	img_machine_1__0_1624545970778.png
machine_1	1624545970890	-30.64904	-20.2743	-9.25173	0.35736	0.01201	-0.0085	0.92913	img_machine_1__0_1624545970890.png
machine_1	1624545971002	-31.10967	-19.7897	-9.25085	0.3774	0.02215	-0.01413	0.91955	img_machine_1__0_1624545971002.png
machine_1	1624545971114	-31.57029	-19.3051	-9.24997	0.39745	0.0323	-0.01976	0.90997	img_machine_1__0_1624545971114.png
machine_1	1624545971226	-32.03091	-18.8205	-9.2491	0.41749	0.04244	-0.02539	0.90038	img_machine_1__0_1624545971226.png
machine_1	1624545971338	-32.49153	-18.3359	-9.24822	0.43754	0.05258	-0.03103	0.8908	img_machine_1__0_1624545971338.png
machine_1	1624545971450	-32.95216	-17.8513	-9.24734	0.45758	0.06272	-0.03666	0.88122	img_machine_1__0_1624545971450.png
machine_1	1624545971562	-33.41278	-17.3667	-9.24646	0.47763	0.07287	-0.04229	0.87163	img_machine_1__0_1624545971562.png
machine_1	1624545971679	-33.8734	-16.8821	-9.24558	0.497674	0.0830083	-0.0479216	0.862052	img_machine_1__0_1624545971676858200.png
machine_1	1624545971789	-34.04084	-16.31431	-8.98441	0.51196	0.09293	-0.05866	0.8492	img_machine_1__0_1624545971789.png
machine_1	1624545971899	-34.20829	-15.74652	-8.72325	0.52626	0.10286	-0.0694	0.83636	img_machine_1__0_1624545971899.png
machine_1	1624545972009	-34.37573	-15.17873	-8.46208	0.54055	0.11278	-0.08015	0.82351	img_machine_1__0_1624545972009.png
machine_1	1624545972119	-34.54318	-14.61094	-8.20091	0.55484	0.12271	-0.09089	0.81066	img_machine_1__0_1624545972119.png
machine_1	1624545972229	-34.71062	-14.04316	-7.93975	0.56913	0.13263	-0.10163	0.79782	img_machine_1__0_1624545972229.png
machine_1	1624545972339	-34.87807	-13.47537	-7.67858	0.58342	0.14255	-0.11237	0.78497	img_machine_1__0_1624545972339.png
machine_1	1624545972449	-35.04551	-12.90758	-7.41741	0.59771	0.15248	-0.12311	0.77212	img_machine_1__0_1624545972449.png
machine_1	1624545972559	-35.21296	-12.33979	-7.15625	0.612	0.1624	-0.13385	0.75927	img_machine_1__0_1624545972559.png
machine_1	1624545972672	-35.3804	-11.772	-6.89508	0.626293	0.172328	-0.144592	0.746427	img_machine_1__0_1624545972670531100.png
machine_1	1624545972784	-35.14778	-11.33073	-6.65949	0.64024	0.16908	-0.14781	0.73236	img_machine_1__0_1624545972784.png
machine_1	1624545972896	-34.91516	-10.88947	-6.4239	0.65419	0.16583	-0.15103	0.71829	img_machine_1__0_1624545972896.png
machine_1	1624545973008	-34.68253	-10.4482	-6.18831	0.66814	0.16258	-0.15425	0.70422	img_machine_1__0_1624545973008.png
machine_1	1624545973120	-34.44991	-10.00694	-5.95272	0.68209	0.15933	-0.15747	0.69015	img_machine_1__0_1624545973120.png
machine_1	1624545973232	-34.21729	-9.56567	-5.71714	0.69604	0.15609	-0.16069	0.67608	img_machine_1__0_1624545973232.png
machine_1	1624545973344	-33.98467	-9.12441	-5.48155	0.70999	0.15284	-0.16391	0.662	img_machine_1__0_1624545973344.png
machine_1	1624545973456	-33.75204	-8.68314	-5.24596	0.72394	0.14959	-0.16714	0.64793	img_machine_1__0_1624545973456.png
machine_1	1624545973568	-33.51942	-8.24188	-5.01037	0.73788	0.14634	-0.17036	0.63386	img_machine_1__0_1624545973568.png
machine_1	1624545973686	-33.2868	-7.80061	-4.77478	0.751833	0.143092	-0.173576	0.619794	img_machine_1__0_1624545973684610800.png
machine_1	1624545973798	-33.13306	-7.83327	-4.77478	0.76317	0.13885	-0.17532	0.60352	img_machine_1__0_1624545973798.png
machine_1	1624545973910	-32.97931	-7.86594	-4.77478	0.77451	0.13461	-0.17707	0.58725	img_machine_1__0_1624545973910.png
machine_1	1624545974022	-32.82557	-7.8986	-4.77478	0.78585	0.13037	-0.17882	0.57098	img_machine_1__0_1624545974022.png
machine_1	1624545974134	-32.67182	-7.93126	-4.77478	0.79719	0.12613	-0.18056	0.5547	img_machine_1__0_1624545974134.png
machine_1	1624545974246	-32.51808	-7.96393	-4.77478	0.80852	0.1219	-0.18231	0.53843	img_machine_1__0_1624545974246.png
machine_1	1624545974358	-32.36433	-7.99659	-4.77478	0.81986	0.11766	-0.18406	0.52216	img_machine_1__0_1624545974358.png
machine_1	1624545974470	-32.21059	-8.02925	-4.77478	0.8312	0.11342	-0.18581	0.50588	img_machine_1__0_1624545974470.png
machine_1	1624545974582	-32.05684	-8.06192	-4.77478	0.84254	0.10918	-0.18755	0.48961	img_machine_1__0_1624545974582.png
machine_1	1624545974702	-31.9031	-8.09458	-4.77478	0.853876	0.104938	-0.189301	0.473338	img_machine_1__0_1624545974699819500.png
machine_1	1624545974808	-31.65641	-7.87664	-4.6959	0.86366	0.09643	-0.17742	0.45678	img_machine_1__0_1624545974808.png
machine_1	1624545974914	-31.40972	-7.65869	-4.61703	0.87344	0.08792	-0.16555	0.44023	img_machine_1__0_1624545974914.png
machine_1	1624545975020	-31.16303	-7.44075	-4.53815	0.88322	0.07942	-0.15367	0.42368	img_machine_1__0_1624545975020.png
machine_1	1624545975126	-30.91634	-7.2228	-4.45927	0.893	0.07091	-0.14179	0.40712	img_machine_1__0_1624545975126.png
machine_1	1624545975232	-30.66966	-7.00486	-4.3804	0.90279	0.0624	-0.12992	0.39057	img_machine_1__0_1624545975232.png
machine_1	1624545975338	-30.42297	-6.78691	-4.30152	0.91257	0.0539	-0.11804	0.37401	img_machine_1__0_1624545975338.png
machine_1	1624545975444	-30.17628	-6.56897	-4.22264	0.92235	0.04539	-0.10616	0.35746	img_machine_1__0_1624545975444.png
machine_1	1624545975550	-29.92959	-6.35102	-4.14377	0.93213	0.03688	-0.09429	0.3409	img_machine_1__0_1624545975550.png
machine_1	1624545975663	-29.6829	-6.13308	-4.06489	0.941913	0.0283777	-0.0824082	0.32435	img_machine_1__0_1624545975660229000.png
machine_1	1624545975778	-28.9752	-5.69671	-3.91801	0.94466	0.02757	-0.08265	0.31509	img_machine_1__0_1624545975778.png
machine_1	1624545975893	-28.2675	-5.26034	-3.77112	0.9474	0.02676	-0.08289	0.30583	img_machine_1__0_1624545975893.png
machine_1	1624545976008	-27.5598	-4.82397	-3.62424	0.95014	0.02595	-0.08313	0.29657	img_machine_1__0_1624545976008.png
machine_1	1624545976123	-26.8521	-4.3876	-3.47736	0.95288	0.02514	-0.08337	0.28732	img_machine_1__0_1624545976123.png
machine_1	1624545976238	-26.1444	-3.95122	-3.33047	0.95563	0.02433	-0.08361	0.27806	img_machine_1__0_1624545976238.png
machine_1	1624545976353	-25.4367	-3.51485	-3.18359	0.95837	0.02352	-0.08385	0.2688	img_machine_1__0_1624545976353.png
machine_1	1624545976468	-24.729	-3.07848	-3.03671	0.96111	0.02271	-0.08409	0.25954	img_machine_1__0_1624545976468.png
machine_1	1624545976583	-24.0213	-2.64211	-2.88982	0.96386	0.0219	-0.08433	0.25028	img_machine_1__0_1624545976583.png
machine_1	1624545976702	-23.3136	-2.20574	-2.74294	0.966598	0.0210874	-0.0845679	0.241024	img_machine_1__0_1624545976700145300.png
machine_1	1624545976812	-22.3804	-1.63007	-2.57728	0.96544	0.01931	-0.07703	0.24673	img_machine_1__0_1624545976812.png
machine_1	1624545976922	-21.4472	-1.05441	-2.41163	0.96428	0.01754	-0.06948	0.25243	img_machine_1__0_1624545976922.png
machine_1	1624545977032	-20.514	-0.47874	-2.24597	0.96312	0.01576	-0.06194	0.25813	img_machine_1__0_1624545977032.png
machine_1	1624545977142	-19.5808	0.09692	-2.08032	0.96196	0.01398	-0.0544	0.26384	img_machine_1__0_1624545977142.png
machine_1	1624545977252	-18.6476	0.67259	-1.91466	0.96079	0.01221	-0.04686	0.26954	img_machine_1__0_1624545977252.png
machine_1	1624545977362	-17.7144	1.24825	-1.74901	0.95963	0.01043	-0.03932	0.27524	img_machine_1__0_1624545977362.png
machine_1	1624545977472	-16.7812	1.82392	-1.58335	0.95847	0.00866	-0.03177	0.28094	img_machine_1__0_1624545977472.png
machine_1	1624545977582	-15.848	2.39958	-1.4177	0.95731	0.00688	-0.02423	0.28665	img_machine_1__0_1624545977582.png
machine_1	1624545977696	-14.9148	2.97525	-1.25204	0.956152	0.00510367	-0.0166911	0.292351	img_machine_1__0_1624545977693686600.png
machine_1	1624545977804	-13.97177	3.46832	-1.21479	0.95964	0.00484	-0.01675	0.27725	img_machine_1__0_1624545977804.png
machine_1	1624545977912	-13.02875	3.96139	-1.17755	0.96313	0.00458	-0.01681	0.26215	img_machine_1__0_1624545977912.png
machine_1	1624545978020	-12.08572	4.45446	-1.1403	0.96661	0.00431	-0.01687	0.24704	img_machine_1__0_1624545978020.png
machine_1	1624545978128	-11.1427	4.94753	-1.10306	0.9701	0.00405	-0.01693	0.23194	img_machine_1__0_1624545978128.png
machine_1	1624545978236	-10.19967	5.44061	-1.06581	0.97359	0.00379	-0.017	0.21684	img_machine_1__0_1624545978236.png
machine_1	1624545978344	-9.25665	5.93368	-1.02857	0.97707	0.00352	-0.01706	0.20174	img_machine_1__0_1624545978344.png
machine_1	1624545978452	-8.31362	6.42675	-0.99132	0.98056	0.00326	-0.01712	0.18664	img_machine_1__0_1624545978452.png
machine_1	1624545978560	-7.3706	6.91982	-0.95408	0.98405	0.00299	-0.01718	0.17154	img_machine_1__0_1624545978560.png
machine_1	1624545978676	-6.42757	7.41289	-0.916833	0.987534	0.00273102	-0.017239	0.156433	img_machine_1__0_1624545978674099700.png
machine_1	1624545978790	-6.11933	7.40457	-0.90606	0.9888	0.00234	-0.01726	0.13421	img_machine_1__0_1624545978790.png
machine_1	1624545978904	-5.81109	7.39626	-0.89529	0.99006	0.00196	-0.01728	0.11198	img_machine_1__0_1624545978904.png
machine_1	1624545979018	-5.50284	7.38794	-0.88451	0.99132	0.00157	-0.01731	0.08976	img_machine_1__0_1624545979018.png
machine_1	1624545979132	-5.1946	7.37963	-0.87374	0.99258	0.00118	-0.01733	0.06754	img_machine_1__0_1624545979132.png
machine_1	1624545979246	-4.88636	7.37131	-0.86296	0.99385	0.00079	-0.01735	0.04531	img_machine_1__0_1624545979246.png
machine_1	1624545979360	-4.57812	7.363	-0.85219	0.99511	0.0004	-0.01737	0.02309	img_machine_1__0_1624545979360.png
machine_1	1624545979474	-4.26987	7.35468	-0.84142	0.99637	2e-05	-0.01739	0.00086	img_machine_1__0_1624545979474.png
machine_1	1624545979588	-3.96163	7.34637	-0.83064	0.99763	-0.00037	-0.01742	-0.02136	img_machine_1__0_1624545979588.png
machine_1	1624545979703	-3.65339	7.33805	-0.81987	0.998897	-0.000760663	-0.0174374	-0.0435867	img_machine_1__0_1624545979700610600.png
machine_1	1624545979812	-2.59539	7.11228	-0.78204	0.99817	-0.00091	-0.01742	-0.05228	img_machine_1__0_1624545979812.png
machine_1	1624545979921	-1.53739	6.88651	-0.74421	0.99745	-0.00106	-0.01741	-0.06097	img_machine_1__0_1624545979921.png
machine_1	1624545980030	-0.4794	6.66074	-0.70638	0.99673	-0.00122	-0.0174	-0.06967	img_machine_1__0_1624545980030.png
machine_1	1624545980139	0.5786	6.43497	-0.66855	0.99601	-0.00137	-0.01739	-0.07836	img_machine_1__0_1624545980139.png
machine_1	1624545980248	1.6366	6.2092	-0.63071	0.99529	-0.00152	-0.01737	-0.08705	img_machine_1__0_1624545980248.png
machine_1	1624545980357	2.6946	5.98343	-0.59288	0.99456	-0.00167	-0.01736	-0.09575	img_machine_1__0_1624545980357.png
machine_1	1624545980466	3.75259	5.75766	-0.55505	0.99384	-0.00182	-0.01735	-0.10444	img_machine_1__0_1624545980466.png
machine_1	1624545980575	4.81059	5.53189	-0.51722	0.99312	-0.00197	-0.01734	-0.11313	img_machine_1__0_1624545980575.png
machine_1	1624545980685	5.86859	5.30612	-0.47939	0.992398	-0.00212647	-0.017324	-0.121827	img_machine_1__0_1624545980683609500.png
machine_1	1624545980796	6.95441	5.1666	-0.44109	0.99319	-0.00194	-0.01734	-0.1112	img_machine_1__0_1624545980796.png
machine_1	1624545980907	8.04024	5.02708	-0.4028	0.99398	-0.00176	-0.01735	-0.10057	img_machine_1__0_1624545980907.png
machine_1	1624545981018	9.12606	4.88756	-0.3645	0.99477	-0.00157	-0.01737	-0.08993	img_machine_1__0_1624545981018.png
machine_1	1624545981129	10.21188	4.74804	-0.32621	0.99556	-0.00138	-0.01738	-0.0793	img_machine_1__0_1624545981129.png
machine_1	1624545981240	11.29771	4.60853	-0.28791	0.99635	-0.0012	-0.01739	-0.06867	img_machine_1__0_1624545981240.png
machine_1	1624545981351	12.38353	4.46901	-0.24962	0.99714	-0.00101	-0.01741	-0.05804	img_machine_1__0_1624545981351.png
machine_1	1624545981462	13.46935	4.32949	-0.21132	0.99793	-0.00083	-0.01742	-0.04741	img_machine_1__0_1624545981462.png
machine_1	1624545981573	14.55518	4.18997	-0.17302	0.99872	-0.00064	-0.01743	-0.03678	img_machine_1__0_1624545981573.png
machine_1	1624545981686	15.641	4.05045	-0.134729	0.999506	-0.000456278	-0.017448	-0.0261501	img_machine_1__0_1624545981683709900.png
machine_1	1624545981799	16.78899	4.02811	-0.09463	0.99954	-0.00042	-0.01745	-0.02421	img_machine_1__0_1624545981799.png
machine_1	1624545981912	17.93698	4.00577	-0.05453	0.99957	-0.00039	-0.01745	-0.02227	img_machine_1__0_1624545981912.png
machine_1	1624545982025	19.08497	3.98342	-0.01443	0.99961	-0.00035	-0.01745	-0.02033	img_machine_1__0_1624545982025.png
machine_1	1624545982138	20.23296	3.96108	0.02567	0.99964	-0.00032	-0.01745	-0.0184	img_machine_1__0_1624545982138.png
machine_1	1624545982251	21.38094	3.93874	0.06577	0.99967	-0.00029	-0.01745	-0.01646	img_machine_1__0_1624545982251.png
machine_1	1624545982364	22.52893	3.9164	0.10587	0.99971	-0.00025	-0.01745	-0.01452	img_machine_1__0_1624545982364.png
machine_1	1624545982477	23.67692	3.89405	0.14598	0.99974	-0.00022	-0.01745	-0.01258	img_machine_1__0_1624545982477.png
machine_1	1624545982590	24.82491	3.87171	0.18608	0.99978	-0.00019	-0.01745	-0.01064	img_machine_1__0_1624545982590.png
machine_1	1624545982708	25.9729	3.84937	0.226177	0.99981	-0.000151699	-0.0174533	-0.0087023	img_machine_1__0_1624545982704889300.png
machine_1	1624545982817	26.20717	3.84529	0.23436	0.99981	-0.00015	-0.01745	-0.0087	img_machine_1__0_1624545982817.png
machine_1	1624545982926	26.44143	3.84121	0.24254	0.99981	-0.00015	-0.01745	-0.0087	img_machine_1__0_1624545982926.png
machine_1	1624545983035	26.6757	3.83713	0.25073	0.99981	-0.00015	-0.01745	-0.0087	img_machine_1__0_1624545983035.png
machine_1	1624545983144	26.90997	3.83305	0.25891	0.99981	-0.00015	-0.01745	-0.0087	img_machine_1__0_1624545983144.png
machine_1	1624545983253	27.14423	3.82898	0.26709	0.99981	-0.00015	-0.01745	-0.0087	img_machine_1__0_1624545983253.png
machine_1	1624545983362	27.3785	3.8249	0.27528	0.99981	-0.00015	-0.01745	-0.0087	img_machine_1__0_1624545983362.png
machine_1	1624545983471	27.61277	3.82082	0.28346	0.99981	-0.00015	-0.01745	-0.0087	img_machine_1__0_1624545983471.png
machine_1	1624545983580	27.84703	3.81674	0.29164	0.99981	-0.00015	-0.01745	-0.0087	img_machine_1__0_1624545983580.png
machine_1	1624545983696	28.0813	3.81266	0.299824	0.99981	-0.000151699	-0.0174533	-0.0087023	img_machine_1__0_1624545983694024200.png
